step,time_utc,from,to,amount,asset,what,tx
1,2026-09-29 19:41,UQDiqkA78AG6tqpWPP3WeQs4EvvOIXZyXAg4JZwjNq9Tqwnm,UQAFadTkdzRANhQRAL3FJB5-dnQj1JYRt4xM8qXjOc8OixMm,7737.841196839,TON,collector to one-off deposit address,https://tonviewer.com/transaction/05e99bebf8eb605fec5025845d068c1cad1be4ab0d8fdba7870f6160c920586b
1,2026-09-29 19:48,UQAFadTkdzRANhQRAL3FJB5-dnQj1JYRt4xM8qXjOc8OixMm,UQBeZOa5QMUEvMdb3GKSuttJgkQY7z0-Ddm_7WG-bwNXAUyX,7737.8312,TON,deposit swept to crypto-exch-io.ton,https://tonviewer.com/transaction/08d3c905dfe7c3e2f8b16cb4dd8630ff11bce11b6f0ee678c35dc41969700b0c
2,2026-09-29 20:43,UQDiqkA78AG6tqpWPP3WeQs4EvvOIXZyXAg4JZwjNq9Tqwnm,UQCItffUILGDGv_bLTKg_NHfjA3wUPm5ikSWV8WpZfCXNpQq,28877.7677,USDT,collector to one-off deposit address,https://tonviewer.com/transaction/24ab88e0545ca4c102a1c1c5debe4f74d7938c79acae40f65945271a1d6c5ef8
2,2026-09-29 20:51,UQCItffUILGDGv_bLTKg_NHfjA3wUPm5ikSWV8WpZfCXNpQq,UQD_6ogbrUGlsbYPF_a6Vwkahpmc9_CRtW6RSVQ8GR0gIR-I,28877.7677,USDT,deposit swept to crypto-exch-io-token.ton,https://tonviewer.com/transaction/bcf017b1b8573404c3f89ce60b4e11bd702f306c6143770851f7ad70e3f0dd63
3,2026-09-30 12:54,UQDiqkA78AG6tqpWPP3WeQs4EvvOIXZyXAg4JZwjNq9Tqwnm,UQBbRAwVi7py0sjHFNrh3aYkNTtDVzJN42eLLfaOO8TWbc35,2020.759974032,TON,collector to one-off deposit address,https://tonviewer.com/transaction/8bbd8c1a9ce4455f08a0f1eb2d5f34da37a8107b6e8a354fd0f69d0ac4eee1c8
3,2026-09-30 13:01,UQBbRAwVi7py0sjHFNrh3aYkNTtDVzJN42eLLfaOO8TWbc35,UQBeZOa5QMUEvMdb3GKSuttJgkQY7z0-Ddm_7WG-bwNXAUyX,2020.75,TON,deposit swept to crypto-exch-io.ton,https://tonviewer.com/transaction/064f1d179862ac4c06c8f15e120acfef5f0a6c8f6464bad807adf37f7bfd1ccf
4,2026-09-30 16:37,UQDiqkA78AG6tqpWPP3WeQs4EvvOIXZyXAg4JZwjNq9Tqwnm,UQCuquK3ZOsWuGCh21eFC_SrmB6pezbtKP_Mm2kJDactC5Wb,615.93484,USDT,collector emptied into a second wallet (with all other jettons and 15 NFTs),https://tonviewer.com/transaction/e28a16b4798403c7d82d461f1a70978b10f101b018270f08dd53ed94967018f6
4,2026-09-30 16:39,UQDiqkA78AG6tqpWPP3WeQs4EvvOIXZyXAg4JZwjNq9Tqwnm,UQCuquK3ZOsWuGCh21eFC_SrmB6pezbtKP_Mm2kJDactC5Wb,320.862059329,TON,collector emptied into a second wallet,https://tonviewer.com/transaction/ca3b8162a49f518ddd749b6b605d3fead7b9eb1c7dd2b8be565af116ec8b008f
4,2026-09-30 16:49,UQCuquK3ZOsWuGCh21eFC_SrmB6pezbtKP_Mm2kJDactC5Wb,STON.fi,490.114534971,tsTON,swapped for 569.87 TON,https://tonviewer.com/transaction/087405a0436c96efb41b9044f2ff20f5379ed334df16cbd313b8e15cad3e76f4
4,2026-09-30 16:50,UQCuquK3ZOsWuGCh21eFC_SrmB6pezbtKP_Mm2kJDactC5Wb,STON.fi,610.545411,USDT,swapped for 401.83 TON,https://tonviewer.com/transaction/fd41d7409c55212d08e32ab0728a6c3a640a7f55e20f7555292b21db1e5608e9
4,2026-09-30 16:53,UQCuquK3ZOsWuGCh21eFC_SrmB6pezbtKP_Mm2kJDactC5Wb,UQCA1BI4QRZ8qYmskSRDzJmkucGodYRTZCf_b9hckjla6Yug,1280,TON,deposit to KuCoin-tagged hot wallet with memo 2093842166,https://tonviewer.com/transaction/664c8d5098eed9774e9500115a4e9b08a0c95d76e1e09c66faadd7b849e99bc6
