address,ton_lost,usdt_lost,other_jettons,nfts,first_drain_utc,transfers,explorer
UQDOXPvwQzGZxFplrvBv4TzebShiiVH4j2ozzeEH6cCkspns,2.125785769,0.000000,0,0,2026-09-29 18:49,2,https://tonviewer.com/UQDOXPvwQzGZxFplrvBv4TzebShiiVH4j2ozzeEH6cCkspns
UQBJJIx45HkhKuWT9aeJtPl4ZkCPddI33k7noAGzusYkjOQP,3446.999616065,0.000000,0,0,2026-09-29 18:51,1,https://tonviewer.com/UQBJJIx45HkhKuWT9aeJtPl4ZkCPddI33k7noAGzusYkjOQP
UQCXO9T7ZXfLRKfn62LtOOH3auIWlxzqIiCPYtoMWDLqAC_f,1182.375375463,0.777097,0,0,2026-09-29 18:52,3,https://tonviewer.com/UQCXO9T7ZXfLRKfn62LtOOH3auIWlxzqIiCPYtoMWDLqAC_f
UQAt5Dqnp7QVOzqrQlttqD-Hc_KYpoxzcJYpJLWAtiPbeL1-,867.135069201,0.100000,1,0,2026-09-29 18:52,3,https://tonviewer.com/UQAt5Dqnp7QVOzqrQlttqD-Hc_KYpoxzcJYpJLWAtiPbeL1-
UQAapzzFhWqeCJoacfLhjHBzWft3aOhBAWr-wCGT8ewiX2oc,688.608611305,35.375674,1,0,2026-09-29 18:52,3,https://tonviewer.com/UQAapzzFhWqeCJoacfLhjHBzWft3aOhBAWr-wCGT8ewiX2oc
UQA9m0Q6mcmDZfjCf72u2tOSITDguRQuTXz-tHR408VQped4,1.559509537,1.000000,1,0,2026-09-29 18:52,3,https://tonviewer.com/UQA9m0Q6mcmDZfjCf72u2tOSITDguRQuTXz-tHR408VQped4
UQC7MAr92WblR3ULuzO8htOg0rOjY3E_xTIaUpFO5CKndueI,291.989931319,0.000000,0,0,2026-09-29 18:53,1,https://tonviewer.com/UQC7MAr92WblR3ULuzO8htOg0rOjY3E_xTIaUpFO5CKndueI
UQBx3kHHiIHqwP4Z12xmXrhk3sqWWk7w8zdWnfrkWAzyWH0M,255.868086558,0.000000,0,0,2026-09-29 18:53,1,https://tonviewer.com/UQBx3kHHiIHqwP4Z12xmXrhk3sqWWk7w8zdWnfrkWAzyWH0M
UQBCb8cnpeZURB9n6QXvPApGNXnAGqKf2iuOrteCYSPFKR2d,180.881749043,65.514328,1,0,2026-09-29 18:53,3,https://tonviewer.com/UQBCb8cnpeZURB9n6QXvPApGNXnAGqKf2iuOrteCYSPFKR2d
UQDypmRXq0an2wOyoEQ6Sd_igEKsKS2xXB_CHiZJHCzPVY__,172.122732788,16295.528330,2,0,2026-09-29 18:53,4,https://tonviewer.com/UQDypmRXq0an2wOyoEQ6Sd_igEKsKS2xXB_CHiZJHCzPVY__
UQCUZyzvzYh_MJDadXu2j6M4YFaHN279crmXO6JzguCb0oGC,135.142217459,155.553675,1,0,2026-09-29 18:53,6,https://tonviewer.com/UQCUZyzvzYh_MJDadXu2j6M4YFaHN279crmXO6JzguCb0oGC
UQBR8C0WDjnN--Cn8wkWzo46slAENrSA-PF-rPbC6eJ2j5H0,94.505938428,0.000200,0,0,2026-09-29 18:53,3,https://tonviewer.com/UQBR8C0WDjnN--Cn8wkWzo46slAENrSA-PF-rPbC6eJ2j5H0
UQAEld9Q-giDSFsn-UQHMIBS9OEPb5mbzsBPt9brArARn66F,47.420615586,0.000000,0,0,2026-09-29 18:54,1,https://tonviewer.com/UQAEld9Q-giDSFsn-UQHMIBS9OEPb5mbzsBPt9brArARn66F
UQDc3ZMNHr5eMriNiZ6HaUG3oyuKlbg2dtg-4-BlWJqkq1dZ,44.593050699,0.000000,0,0,2026-09-29 18:54,1,https://tonviewer.com/UQDc3ZMNHr5eMriNiZ6HaUG3oyuKlbg2dtg-4-BlWJqkq1dZ
UQDKmObfuiQ2JB8-tFIppaQWJA7LuG3wA9LEnZdj1fVqS7Or,38.492156507,0.029750,6,0,2026-09-29 18:54,8,https://tonviewer.com/UQDKmObfuiQ2JB8-tFIppaQWJA7LuG3wA9LEnZdj1fVqS7Or
UQA83ECtzGEOWaiNdayTPAkQTo1NbrGzAvYDbqyyBP_Dlztv,37.232666949,0.337500,0,0,2026-09-29 18:54,3,https://tonviewer.com/UQA83ECtzGEOWaiNdayTPAkQTo1NbrGzAvYDbqyyBP_Dlztv
UQDjsiX2ivcOYTM5j_oxtrMt7LcgUtwweHzsEoFIwq6S3NZv,36.502256791,0.000000,0,0,2026-09-29 18:54,1,https://tonviewer.com/UQDjsiX2ivcOYTM5j_oxtrMt7LcgUtwweHzsEoFIwq6S3NZv
UQAoW9aCJeXdP_8LQVOaTkoGIaUTfVKWivRW9b0Uoa0j39xy,36.792925590,0.000000,0,0,2026-09-29 18:55,1,https://tonviewer.com/UQAoW9aCJeXdP_8LQVOaTkoGIaUTfVKWivRW9b0Uoa0j39xy
UQDZ2o8Yeh7NDLCuIsSNZjPxvkOAlS68Q7p_MXsqeyt_25uT,33.603322515,0.000000,0,0,2026-09-29 18:55,1,https://tonviewer.com/UQDZ2o8Yeh7NDLCuIsSNZjPxvkOAlS68Q7p_MXsqeyt_25uT
UQC9R4GWMhMwq59OzoAaMLxeGTam625rVJ5fbbSHmNqH454I,116.027611290,0.000000,2,0,2026-09-29 18:55,3,https://tonviewer.com/UQC9R4GWMhMwq59OzoAaMLxeGTam625rVJ5fbbSHmNqH454I
UQDeolYEQn94KyjakndIze3u4Kuzix214_kfvqJufWkgNoMj,27.131861333,0.000000,0,0,2026-09-29 18:55,1,https://tonviewer.com/UQDeolYEQn94KyjakndIze3u4Kuzix214_kfvqJufWkgNoMj
UQDadJud9C6z-H04Zg2U_T3Xr3SQkvYi8QLzNsYv4wVB_YoV,25.182993105,0.000000,0,0,2026-09-29 18:56,1,https://tonviewer.com/UQDadJud9C6z-H04Zg2U_T3Xr3SQkvYi8QLzNsYv4wVB_YoV
UQAbI5KA8uCW2B-1X25DK2h00Q8dn79AjY9EKY36RMWlSfkU,22.897240447,0.000000,1,0,2026-09-29 18:56,3,https://tonviewer.com/UQAbI5KA8uCW2B-1X25DK2h00Q8dn79AjY9EKY36RMWlSfkU
UQBBYmTTkCmjTOPkiTXNmy9jwfMd514VTiZ6hucWWaPhMS3l,25.157019315,0.000000,1,0,2026-09-29 18:56,3,https://tonviewer.com/UQBBYmTTkCmjTOPkiTXNmy9jwfMd514VTiZ6hucWWaPhMS3l
UQCVL_KPVBKryVc0HY9S1iqZqE7Xhm8wraMyfCaSMTFZfmsk,21.690694935,1.001970,1,0,2026-09-29 18:56,3,https://tonviewer.com/UQCVL_KPVBKryVc0HY9S1iqZqE7Xhm8wraMyfCaSMTFZfmsk
UQCYzSGSZTNFZFsHPL2jXCZi-45HtUOvL58yAJYIVdms89Tg,18.789458200,0.000000,0,0,2026-09-29 18:57,1,https://tonviewer.com/UQCYzSGSZTNFZFsHPL2jXCZi-45HtUOvL58yAJYIVdms89Tg
UQAiXvFaDXwv2K6zRuTdtoYJZkVCCD8joJuKuC_zPrVrC_Rm,20.074228025,0.000000,1,0,2026-09-29 18:57,2,https://tonviewer.com/UQAiXvFaDXwv2K6zRuTdtoYJZkVCCD8joJuKuC_zPrVrC_Rm
UQBni86tNsnyrgZFNQkeMy9dsZC6Q-eCl6LLZr_Tn-_YBqNh,18.707941669,0.000000,0,0,2026-09-29 18:57,1,https://tonviewer.com/UQBni86tNsnyrgZFNQkeMy9dsZC6Q-eCl6LLZr_Tn-_YBqNh
UQBX7sJj60hDTsP1Hpj7760go7EQpddyFplYciSH7nmGhKAh,18.544904773,0.000000,0,0,2026-09-29 18:57,1,https://tonviewer.com/UQBX7sJj60hDTsP1Hpj7760go7EQpddyFplYciSH7nmGhKAh
UQCz9Qg3B1lY4iLV5pAgUA-J0YKndOfHs5EBEPx2Mhztefnw,16.731006329,0.000000,0,0,2026-09-29 18:58,1,https://tonviewer.com/UQCz9Qg3B1lY4iLV5pAgUA-J0YKndOfHs5EBEPx2Mhztefnw
UQDJt6QideVi4x7BuaqzVIu6O5Bv28kuJ11BY03InqnMx5Yh,14.853527849,21.454324,1,0,2026-09-29 18:58,3,https://tonviewer.com/UQDJt6QideVi4x7BuaqzVIu6O5Bv28kuJ11BY03InqnMx5Yh
UQDIm9vzEjsjrpQCJrO1UnqZ7QomJ3Ys9JWBgRpb-Vwp3LcQ,14.007616577,9280.872938,0,0,2026-09-29 18:58,2,https://tonviewer.com/UQDIm9vzEjsjrpQCJrO1UnqZ7QomJ3Ys9JWBgRpb-Vwp3LcQ
UQAgEt2E_sHe0MUFAAoIyN1Nub4Pe16XPK6B9w0BkrORTiVx,0.598559986,0.990726,0,0,2026-09-29 18:58,2,https://tonviewer.com/UQAgEt2E_sHe0MUFAAoIyN1Nub4Pe16XPK6B9w0BkrORTiVx
UQCZoAQTA8YACImt2WdARS3SvwZlfTpHwSnBTdhOSYKSVmv7,11.184565887,0.000000,0,0,2026-09-29 18:59,1,https://tonviewer.com/UQCZoAQTA8YACImt2WdARS3SvwZlfTpHwSnBTdhOSYKSVmv7
UQCz9RGbfzq3fJWg-iY7DPRsdCqwasE6Z5KYrN2OYttbdqaX,11.081080898,0.000000,5,0,2026-09-29 18:59,6,https://tonviewer.com/UQCz9RGbfzq3fJWg-iY7DPRsdCqwasE6Z5KYrN2OYttbdqaX
UQBZ6msxhMLTJKToVaVhH_jFxyCFW6FfvUIHRdLT2XOnC1r2,10.548734054,0.000000,0,0,2026-09-29 18:59,1,https://tonviewer.com/UQBZ6msxhMLTJKToVaVhH_jFxyCFW6FfvUIHRdLT2XOnC1r2
UQDtxvvzpKlf_Su2UINwE5_jSDPo4nSrRdZkSOWEP76l6rbd,9.999509528,0.000000,0,0,2026-09-29 18:59,1,https://tonviewer.com/UQDtxvvzpKlf_Su2UINwE5_jSDPo4nSrRdZkSOWEP76l6rbd
UQC0WYPBl69sXY4aC-cXcoOnKLe8YPKnf5ZehQIuAm7tF1Tv,9.744462614,0.000000,1,0,2026-09-29 19:00,2,https://tonviewer.com/UQC0WYPBl69sXY4aC-cXcoOnKLe8YPKnf5ZehQIuAm7tF1Tv
UQB8ahB43RbNkW9cJglsLY5l_HzY-ob3Gk3FAeO_JvDGrEYi,9.064636734,0.000000,0,0,2026-09-29 19:00,1,https://tonviewer.com/UQB8ahB43RbNkW9cJglsLY5l_HzY-ob3Gk3FAeO_JvDGrEYi
UQBGpVK56dJ7eBwlQQwSZ3_hbRMnjy4pMf9J4_f65rJYEBnB,7.373343368,0.000000,0,0,2026-09-29 19:00,1,https://tonviewer.com/UQBGpVK56dJ7eBwlQQwSZ3_hbRMnjy4pMf9J4_f65rJYEBnB
UQAvW6_ZtQLhjYhmkedi0lkaV9SN3EcvyuJ87kdvDlZ7a7c3,8.299361317,0.000000,0,0,2026-09-29 19:00,1,https://tonviewer.com/UQAvW6_ZtQLhjYhmkedi0lkaV9SN3EcvyuJ87kdvDlZ7a7c3
UQDgM0Rrmi_PJvi9cevRkoD9TYb7XECUD5Ec8OrPOtYupDlB,8.042335543,0.000000,0,0,2026-09-29 19:01,1,https://tonviewer.com/UQDgM0Rrmi_PJvi9cevRkoD9TYb7XECUD5Ec8OrPOtYupDlB
UQAQv-suS5TNYWIPyHNmblxvYNs-dp5dFx1HvJsEU5UPf8Cj,7.715470871,0.000000,3,0,2026-09-29 19:01,4,https://tonviewer.com/UQAQv-suS5TNYWIPyHNmblxvYNs-dp5dFx1HvJsEU5UPf8Cj
UQAtbx6e8Tcsh3krAskcMQBkeZbsZD1cxM7TfbjQXJ1DdzvL,6.543642593,0.000000,0,0,2026-09-29 19:01,1,https://tonviewer.com/UQAtbx6e8Tcsh3krAskcMQBkeZbsZD1cxM7TfbjQXJ1DdzvL
UQA4fqlK5dbAr5xcIziW04uqhNDonEYRX59PTGNVSmus9mkk,5.979463291,0.009331,8,2,2026-09-29 19:01,13,https://tonviewer.com/UQA4fqlK5dbAr5xcIziW04uqhNDonEYRX59PTGNVSmus9mkk
UQCrJbvAB3Mk3B9Bqk07qkHEfSzHWp9IPhELMZrNvSXp21qt,5.034286752,0.000000,1,0,2026-09-29 19:01,2,https://tonviewer.com/UQCrJbvAB3Mk3B9Bqk07qkHEfSzHWp9IPhELMZrNvSXp21qt
UQCP4eVdp1_tojpEDF5_1CUTO1kHc8pH14b-snLzjR-Za9dU,4.917888416,0.000000,0,0,2026-09-29 19:02,1,https://tonviewer.com/UQCP4eVdp1_tojpEDF5_1CUTO1kHc8pH14b-snLzjR-Za9dU
UQAyDqBKqV5vefwJ2zXYSjr_ZetPqk3QuJWIN0Uw0wKqNszq,4.887165918,7.147705,0,0,2026-09-29 19:02,2,https://tonviewer.com/UQAyDqBKqV5vefwJ2zXYSjr_ZetPqk3QuJWIN0Uw0wKqNszq
UQCSmEBfFDZSu8ACRkZ098TM_AyiTY3ZLlthHzr7muB5wFa9,4.707168131,0.000000,0,0,2026-09-29 19:02,1,https://tonviewer.com/UQCSmEBfFDZSu8ACRkZ098TM_AyiTY3ZLlthHzr7muB5wFa9
UQAJsRF0N8xu-SzopA-XrAO20Dp-OjErvemhOBqPJ199VMnB,4.732853572,94.905513,0,0,2026-09-29 19:02,3,https://tonviewer.com/UQAJsRF0N8xu-SzopA-XrAO20Dp-OjErvemhOBqPJ199VMnB
UQBlfGPQZazC3x2ER4VSUtLDO7JuJUMFRhTUSKQOWZ2GMlDz,4.475590021,0.000000,1,0,2026-09-29 19:02,2,https://tonviewer.com/UQBlfGPQZazC3x2ER4VSUtLDO7JuJUMFRhTUSKQOWZ2GMlDz
UQBpzoVeY3KxSAwLPC3ikHMzX-hEO9Gr2_j_WT18Bb_7K8w3,4.309320994,0.000000,0,0,2026-09-29 19:03,1,https://tonviewer.com/UQBpzoVeY3KxSAwLPC3ikHMzX-hEO9Gr2_j_WT18Bb_7K8w3
UQASPJDSvgikDgao9UpdHblmwiJIgZl94YuQovvr0A1-woYL,4.229650796,0.195993,0,0,2026-09-29 19:03,2,https://tonviewer.com/UQASPJDSvgikDgao9UpdHblmwiJIgZl94YuQovvr0A1-woYL
UQA4xAXkdxtX6dG3E7EAG704jm_2tK8dOTit-6e0WwEKdtNS,3.793519311,0.000000,0,7,2026-09-29 19:03,8,https://tonviewer.com/UQA4xAXkdxtX6dG3E7EAG704jm_2tK8dOTit-6e0WwEKdtNS
UQDD4LpFR1ymB0var6kDKMu1LqJLTYT_6X2FTMdB5VJkSV-r,3.743416584,0.000000,0,0,2026-09-29 19:03,1,https://tonviewer.com/UQDD4LpFR1ymB0var6kDKMu1LqJLTYT_6X2FTMdB5VJkSV-r
UQCa2hrQo7H_NUNLEno-29GiAak11Ru23dSLy4hS-RTesN8E,3.701663961,0.256144,0,0,2026-09-29 19:03,2,https://tonviewer.com/UQCa2hrQo7H_NUNLEno-29GiAak11Ru23dSLy4hS-RTesN8E
UQCDZWwbfNrLpiVEN4KSrNNW_G8h2dualvBTuGdowQVxwDNo,3.121104588,0.000000,0,0,2026-09-29 19:04,1,https://tonviewer.com/UQCDZWwbfNrLpiVEN4KSrNNW_G8h2dualvBTuGdowQVxwDNo
UQBdOrF4Sv3dqNUNdHEgWvJVeOQLaSBcpRpDVmeHXLE5Is2b,2.999377783,0.000000,0,0,2026-09-29 19:04,1,https://tonviewer.com/UQBdOrF4Sv3dqNUNdHEgWvJVeOQLaSBcpRpDVmeHXLE5Is2b
UQBNvqyuBHXWqEJOawJll8zKutzjfcTlBuwmNA2ZRnya7Uif,2.953993968,0.000000,0,0,2026-09-29 19:04,1,https://tonviewer.com/UQBNvqyuBHXWqEJOawJll8zKutzjfcTlBuwmNA2ZRnya7Uif
UQD1ijl2BhJMSw0CGQxMc5GrBljceWgruz_yXlG2JcUu-F6v,3.901817014,0.000000,0,0,2026-09-29 19:04,2,https://tonviewer.com/UQD1ijl2BhJMSw0CGQxMc5GrBljceWgruz_yXlG2JcUu-F6v
UQB0uoXCL4GoxytiQnNMU2OtkytvZRghURI3QZnc5KI2nxBZ,2.533775384,0.000000,0,0,2026-09-29 19:04,1,https://tonviewer.com/UQB0uoXCL4GoxytiQnNMU2OtkytvZRghURI3QZnc5KI2nxBZ
UQAc3ARy1xopDzyebjblpPY4zWluitws1BwB7jaBpB3UoetL,2.455468493,0.000000,0,0,2026-09-29 19:04,1,https://tonviewer.com/UQAc3ARy1xopDzyebjblpPY4zWluitws1BwB7jaBpB3UoetL
UQBTIeQ6q2ZDpEVmYuxeHmqQCQTx4txADMWCAfU76ko9zIr1,2.284955327,0.000000,0,0,2026-09-29 19:05,1,https://tonviewer.com/UQBTIeQ6q2ZDpEVmYuxeHmqQCQTx4txADMWCAfU76ko9zIr1
UQA0amtjGxl4U9MvUiQjMfTDF5Dszfo9bUKMA0prRL0nu2tf,2.188556110,0.000000,0,0,2026-09-29 19:05,1,https://tonviewer.com/UQA0amtjGxl4U9MvUiQjMfTDF5Dszfo9bUKMA0prRL0nu2tf
UQDvV6nW1ulTp7WVH6aNOIBm1g8xMX5BAXq43bW-irznewZK,0.274122699,0.000000,0,0,2026-09-29 19:05,1,https://tonviewer.com/UQDvV6nW1ulTp7WVH6aNOIBm1g8xMX5BAXq43bW-irznewZK
UQBebTnxmpB1mtOQ0luPDBG0Mxy1MIa3QmU3iG_dAxsNIWkZ,1.869429991,0.000000,0,0,2026-09-29 19:05,1,https://tonviewer.com/UQBebTnxmpB1mtOQ0luPDBG0Mxy1MIa3QmU3iG_dAxsNIWkZ
UQAagREEqlDoqNjVgV9ojjpLu2DGp0UgdcqOBBmf5PImXM9m,1.753781986,5.361240,0,0,2026-09-29 19:06,2,https://tonviewer.com/UQAagREEqlDoqNjVgV9ojjpLu2DGp0UgdcqOBBmf5PImXM9m
UQDMrp-7hDX4aQ9WsOjTC18fm1moaJAhqSyLQe8BSmEej1y7,1.688184102,0.000000,0,0,2026-09-29 19:06,1,https://tonviewer.com/UQDMrp-7hDX4aQ9WsOjTC18fm1moaJAhqSyLQe8BSmEej1y7
UQAxpa8rDxbquTSgOBj9u_P68_JFrJCusEDWNwhJCU_CbFOe,1.675442139,719.775213,0,0,2026-09-29 19:06,2,https://tonviewer.com/UQAxpa8rDxbquTSgOBj9u_P68_JFrJCusEDWNwhJCU_CbFOe
UQA-THUAsCplRDI7lJXegRRsIPvAFgBuaCNjVYu-Exuq2bJz,1.621266680,0.000000,1,0,2026-09-29 19:07,2,https://tonviewer.com/UQA-THUAsCplRDI7lJXegRRsIPvAFgBuaCNjVYu-Exuq2bJz
UQDIwZl_oO6RujmGMqt_VTk7t4pujUjUwuuC74ffeCgKzEty,1.517770817,0.000000,0,0,2026-09-29 19:07,1,https://tonviewer.com/UQDIwZl_oO6RujmGMqt_VTk7t4pujUjUwuuC74ffeCgKzEty
UQCR12eBeL_gVlr8TMFiYyP6fCJe5ZnB3NMSRapzcaFgKT5O,10.341938225,0.000078,1,0,2026-09-29 19:07,5,https://tonviewer.com/UQCR12eBeL_gVlr8TMFiYyP6fCJe5ZnB3NMSRapzcaFgKT5O
UQArlsuh9yksllg3yfgjhGbTEpw38TwP12Pp6w9pzCo_rEEQ,1.390668897,0.000000,0,0,2026-09-29 19:07,1,https://tonviewer.com/UQArlsuh9yksllg3yfgjhGbTEpw38TwP12Pp6w9pzCo_rEEQ
UQC8nw7gxvSdz9gjKBbzcuZaiOA3chyj_L_mVynmXe8SKSAc,1.392669792,0.000900,1,0,2026-09-29 19:07,3,https://tonviewer.com/UQC8nw7gxvSdz9gjKBbzcuZaiOA3chyj_L_mVynmXe8SKSAc
UQB1YNQnRwm6shLru0JOZgUXFYS_a4WKBzhKs0moohuJ6Pd1,1.316030993,0.000000,0,0,2026-09-29 19:08,1,https://tonviewer.com/UQB1YNQnRwm6shLru0JOZgUXFYS_a4WKBzhKs0moohuJ6Pd1
UQAtz9S6kN5Yo2YwOh2ppp7K3VVJI9QV5lDIF5hTePTHSkUi,1.311616740,0.090001,1,0,2026-09-29 19:08,3,https://tonviewer.com/UQAtz9S6kN5Yo2YwOh2ppp7K3VVJI9QV5lDIF5hTePTHSkUi
UQDAO8S39dhri0z9ia--j-IqzGJxwLQhmNii6qlsMBa8ao-H,1.269349515,0.000000,0,0,2026-09-29 19:08,1,https://tonviewer.com/UQDAO8S39dhri0z9ia--j-IqzGJxwLQhmNii6qlsMBa8ao-H
UQBON2Kf2WZXoY3_k2ureAP9BeaCpo9mbDJY1ywil8gwI_2W,1.158554421,0.000000,3,0,2026-09-29 19:08,4,https://tonviewer.com/UQBON2Kf2WZXoY3_k2ureAP9BeaCpo9mbDJY1ywil8gwI_2W
UQCkI6yz3ru585yulBb3hBl4xSQvfVCVZzpA_KlX-2sQ2_jU,1.120135125,0.000000,0,0,2026-09-29 19:09,1,https://tonviewer.com/UQCkI6yz3ru585yulBb3hBl4xSQvfVCVZzpA_KlX-2sQ2_jU
UQALYHOmEyrLF_7YWaWOplHWBQ0v51Gnx20wuwQTAri3ckRZ,1.093874246,26.758323,0,0,2026-09-29 19:09,2,https://tonviewer.com/UQALYHOmEyrLF_7YWaWOplHWBQ0v51Gnx20wuwQTAri3ckRZ
UQAdSSkUoAVSDYKLn5JUVNT97SStUGwtqmxoGkyiqKU8lOfY,1.088569424,48.347833,0,0,2026-09-29 19:09,2,https://tonviewer.com/UQAdSSkUoAVSDYKLn5JUVNT97SStUGwtqmxoGkyiqKU8lOfY
UQC6_TTIEFJf4UjkfgohtkpFRpwVhCaFsMWHRdnFBndbX78v,1.084031406,277.385000,0,0,2026-09-29 19:10,2,https://tonviewer.com/UQC6_TTIEFJf4UjkfgohtkpFRpwVhCaFsMWHRdnFBndbX78v
UQDqy5fglY8nm6a1XSMioUqo1VcJJTItckNQFfICjFO7Zcy0,1.080880760,0.000000,0,0,2026-09-29 19:10,1,https://tonviewer.com/UQDqy5fglY8nm6a1XSMioUqo1VcJJTItckNQFfICjFO7Zcy0
UQANEZbEXPtnZAS6WH3DKtQqYgtA-Y9lWDYMLTBrUtkG51Gg,1.070882779,0.000000,0,0,2026-09-29 19:10,1,https://tonviewer.com/UQANEZbEXPtnZAS6WH3DKtQqYgtA-Y9lWDYMLTBrUtkG51Gg
UQD9nbpoNfMJzr0eu1eMizqPrAGkziBalCiepWDM82vhmMwa,1.031803214,0.000000,0,0,2026-09-29 19:10,1,https://tonviewer.com/UQD9nbpoNfMJzr0eu1eMizqPrAGkziBalCiepWDM82vhmMwa
UQAcgZdjPSc-6iHw_9wr3gY_DaQpZiG7rzwf0yr2_JVKRRpj,8.069469798,0.000000,0,0,2026-09-29 19:10,3,https://tonviewer.com/UQAcgZdjPSc-6iHw_9wr3gY_DaQpZiG7rzwf0yr2_JVKRRpj
UQBKUsVtwKWpsfmlavfnRvK6V7F_9I236dNWYnFABw7YJl1G,1.017522248,0.000000,0,0,2026-09-29 19:11,1,https://tonviewer.com/UQBKUsVtwKWpsfmlavfnRvK6V7F_9I236dNWYnFABw7YJl1G
UQAeHEt31GzIo8AR8DVNv-nI3FG7C3HWwdlRJhoHe2nHiw_4,13.028750790,0.000000,0,0,2026-09-29 19:11,1,https://tonviewer.com/UQAeHEt31GzIo8AR8DVNv-nI3FG7C3HWwdlRJhoHe2nHiw_4
UQAIancAKom1hfkXjePp_qi4RB--7QoUE8pGnMfMGgBiXAF_,0.993128803,0.000000,0,0,2026-09-29 19:11,1,https://tonviewer.com/UQAIancAKom1hfkXjePp_qi4RB--7QoUE8pGnMfMGgBiXAF_
UQADRyx3xCEYwfFN_9Czs8J5_czeJe6WciPgRqcv9kfhYWyN,0.990334552,70.101008,0,0,2026-09-29 19:11,2,https://tonviewer.com/UQADRyx3xCEYwfFN_9Czs8J5_czeJe6WciPgRqcv9kfhYWyN
UQBJTBmwWuNq6Be-5x3x_9Kqm-NWKK-UZ7nuntoVjkIF5fpf,0.991316110,0.000000,0,0,2026-09-29 19:11,1,https://tonviewer.com/UQBJTBmwWuNq6Be-5x3x_9Kqm-NWKK-UZ7nuntoVjkIF5fpf
UQAJtduiH9ZEUfKPzfPemSqW84uxQSf2EB1MrCBiqf9_D65W,0.990295640,0.876822,0,0,2026-09-29 19:11,2,https://tonviewer.com/UQAJtduiH9ZEUfKPzfPemSqW84uxQSf2EB1MrCBiqf9_D65W
UQA_eDjAIfvtmvWKU8YwTAvswaFpPJmKnMJxsNiu34PPPp2o,0.920673737,0.000000,3,0,2026-09-29 19:11,4,https://tonviewer.com/UQA_eDjAIfvtmvWKU8YwTAvswaFpPJmKnMJxsNiu34PPPp2o
UQC9ZVuPo_LNACCcIQuFxESVgtOu-9FpPlMvq0-Bo_yCxO-B,0.917123323,0.000000,1,0,2026-09-29 19:12,2,https://tonviewer.com/UQC9ZVuPo_LNACCcIQuFxESVgtOu-9FpPlMvq0-Bo_yCxO-B
UQCmQ-KdKR18KBGtAKBXZkeC5hIWZV3kNYonUr3DB7pDMrkE,0.886656463,0.850000,0,0,2026-09-29 19:12,2,https://tonviewer.com/UQCmQ-KdKR18KBGtAKBXZkeC5hIWZV3kNYonUr3DB7pDMrkE
UQCOA8r949F1TeMy_p9DlSAKQxNK2QNFFyjKaVEVIsE80sr9,0.849347323,0.419991,0,2,2026-09-29 19:12,4,https://tonviewer.com/UQCOA8r949F1TeMy_p9DlSAKQxNK2QNFFyjKaVEVIsE80sr9
UQDIkh4N0osO3isuQ9WdPBeoWvi7BjTh4I4rhyutAJEdVJ8H,0.816735600,4.369483,0,0,2026-09-29 19:12,2,https://tonviewer.com/UQDIkh4N0osO3isuQ9WdPBeoWvi7BjTh4I4rhyutAJEdVJ8H
UQBm-3AqZIvUSyTYRgnMiB1zWvVBXdl3Mu2G3yixbYBfVV4j,0.802256003,0.733524,0,0,2026-09-29 19:13,2,https://tonviewer.com/UQBm-3AqZIvUSyTYRgnMiB1zWvVBXdl3Mu2G3yixbYBfVV4j
UQAbqOvsT6is0v4xh_ZFyqWf8eHlCxZe2T7EY1GHxT4BqkzJ,0.778451919,0.042668,0,0,2026-09-29 19:13,2,https://tonviewer.com/UQAbqOvsT6is0v4xh_ZFyqWf8eHlCxZe2T7EY1GHxT4BqkzJ
UQBhc8D5oth-jVnnT4T2g-DPQ3Z_ZYEKv943vajXOTY9tDq-,0.742094016,0.000000,0,0,2026-09-29 19:13,1,https://tonviewer.com/UQBhc8D5oth-jVnnT4T2g-DPQ3Z_ZYEKv943vajXOTY9tDq-
UQCst3ds-J5wPUh_dZ7GHxzOEqZRFqSWgRNbWDbL_pviqzC_,0.704785517,0.000000,0,0,2026-09-29 19:13,1,https://tonviewer.com/UQCst3ds-J5wPUh_dZ7GHxzOEqZRFqSWgRNbWDbL_pviqzC_
UQBK6oZ8GfcIujKu4aOL33-Vl6x_QmMw0NcsJXftHeWSVJIY,1.091228065,0.000000,0,0,2026-09-29 19:14,2,https://tonviewer.com/UQBK6oZ8GfcIujKu4aOL33-Vl6x_QmMw0NcsJXftHeWSVJIY
UQDijmzUaOS8rC24eKexLyroVgjWlD54OdMD4Nm4fcwZgECL,0.661824825,0.000000,0,0,2026-09-29 19:14,1,https://tonviewer.com/UQDijmzUaOS8rC24eKexLyroVgjWlD54OdMD4Nm4fcwZgECL
UQDOwrZPaXnUDPvL-YGLHEhvSaC79RKLx1aHdYcC5tmqNx_l,0.636171314,0.000000,0,0,2026-09-29 19:14,1,https://tonviewer.com/UQDOwrZPaXnUDPvL-YGLHEhvSaC79RKLx1aHdYcC5tmqNx_l
UQBfAgsm37UOFCuUhqw0jwp5p0WuDDAOkYIr0pS-aidW_VJC,0.586485322,0.935364,2,0,2026-09-29 19:14,4,https://tonviewer.com/UQBfAgsm37UOFCuUhqw0jwp5p0WuDDAOkYIr0pS-aidW_VJC
UQD_idgokt6AF8v2OV4vshCwIdQYu5AkgbO96pioT3vp_h8j,0.609862529,0.000000,0,0,2026-09-29 19:14,1,https://tonviewer.com/UQD_idgokt6AF8v2OV4vshCwIdQYu5AkgbO96pioT3vp_h8j
UQCYRc4KGxY0D59Hb0MVp7qjQxEwhDgkCif0cbCjStAn_G3V,0.598607272,0.000000,0,0,2026-09-29 19:15,1,https://tonviewer.com/UQCYRc4KGxY0D59Hb0MVp7qjQxEwhDgkCif0cbCjStAn_G3V
UQCbMdn7nyiNAMEXRFw3Pqd6I2YRT9kkoKVWJcPC7_NrAv-9,0.544725604,0.000000,2,0,2026-09-29 19:15,3,https://tonviewer.com/UQCbMdn7nyiNAMEXRFw3Pqd6I2YRT9kkoKVWJcPC7_NrAv-9
UQCMLHyq-EUVLoECs_L3mE0lo0M8-ZKlYC-X0-lquyP65KQp,0.550731150,0.000000,0,0,2026-09-29 19:15,1,https://tonviewer.com/UQCMLHyq-EUVLoECs_L3mE0lo0M8-ZKlYC-X0-lquyP65KQp
UQDab404J1LFQ7F1ryskuMocUDm7pPO4ZBnTVocHrygKSec9,0.534275817,0.000000,1,0,2026-09-29 19:15,2,https://tonviewer.com/UQDab404J1LFQ7F1ryskuMocUDm7pPO4ZBnTVocHrygKSec9
UQALqbwAOh2SXo06BIIVpdr3dpudmPXmnlKHNn0fj1dc4hTE,0.507095626,0.033523,0,0,2026-09-29 19:15,2,https://tonviewer.com/UQALqbwAOh2SXo06BIIVpdr3dpudmPXmnlKHNn0fj1dc4hTE
UQBsmR8AMb1CybrI5aI0yFvrhQnBNVmpMik_BHuAlPyHC3kI,0.505760116,1.316522,0,0,2026-09-29 19:16,2,https://tonviewer.com/UQBsmR8AMb1CybrI5aI0yFvrhQnBNVmpMik_BHuAlPyHC3kI
UQAI94R-dAq4UM5SQkDTRI6XYUiPYER4D-l0MRgLtSkb8gQq,0.500813166,0.000000,0,0,2026-09-29 19:16,1,https://tonviewer.com/UQAI94R-dAq4UM5SQkDTRI6XYUiPYER4D-l0MRgLtSkb8gQq
UQBg3tDZYCt0UAbJ0hghorHjCin0Wj0zw-5tQcygUc-WfLIZ,0.493459428,0.002809,0,0,2026-09-29 19:16,2,https://tonviewer.com/UQBg3tDZYCt0UAbJ0hghorHjCin0Wj0zw-5tQcygUc-WfLIZ
UQDb_hhRPMn9MUDFqdAHu1DiozGh7nDjq7YhKq_nRZpFUbKI,0.493207518,0.000000,0,0,2026-09-29 19:17,1,https://tonviewer.com/UQDb_hhRPMn9MUDFqdAHu1DiozGh7nDjq7YhKq_nRZpFUbKI
UQDFLVdJLKuZ9TWOttWL1MdOS3e61XB7Djaj_Jbia0VDziQo,0.865512903,0.000000,3,0,2026-09-29 19:17,5,https://tonviewer.com/UQDFLVdJLKuZ9TWOttWL1MdOS3e61XB7Djaj_Jbia0VDziQo
UQC7EmxiwQXewIlDffElcc1GJPAC9AC8Tkn9JzXq-ri-d14J,0.463939840,0.000000,0,0,2026-09-29 19:17,1,https://tonviewer.com/UQC7EmxiwQXewIlDffElcc1GJPAC9AC8Tkn9JzXq-ri-d14J
UQDnHhCEQ1Ss6D6qbc-4-4TKXq9-vtzxXQpxt0YYvpz9vBA7,0.459967687,2.000800,0,0,2026-09-29 19:17,2,https://tonviewer.com/UQDnHhCEQ1Ss6D6qbc-4-4TKXq9-vtzxXQpxt0YYvpz9vBA7
UQDgGjexeMWZAIzclzputeP8Ne3BCo7ZoBDUwwUoSYbZb7Zr,0.636270730,436.952107,0,0,2026-09-29 19:17,3,https://tonviewer.com/UQDgGjexeMWZAIzclzputeP8Ne3BCo7ZoBDUwwUoSYbZb7Zr
UQDIsZDYWcmURfqUmzFJYsMMVlw1AwwqUBxJNvXci6xbCIbt,0.431817308,0.000000,0,0,2026-09-29 19:18,1,https://tonviewer.com/UQDIsZDYWcmURfqUmzFJYsMMVlw1AwwqUBxJNvXci6xbCIbt
UQAKkZVDUZtcO_EH6d7AMwlUgnHln5SrvZuVmTaci4GqpDOt,0.422816839,0.000000,0,0,2026-09-29 19:18,1,https://tonviewer.com/UQAKkZVDUZtcO_EH6d7AMwlUgnHln5SrvZuVmTaci4GqpDOt
UQDZhD83FpDNq0VLqLsN5j3x_fCl5JZeOmipSkiX2N_bYMGu,0.400969991,1.220000,1,0,2026-09-29 19:18,3,https://tonviewer.com/UQDZhD83FpDNq0VLqLsN5j3x_fCl5JZeOmipSkiX2N_bYMGu
UQDfgp4BC5tiWGkXmp-TZ2QdNYdU4N7GluwCtfc06XBAMgeO,0.398549526,0.000000,0,0,2026-09-29 19:18,1,https://tonviewer.com/UQDfgp4BC5tiWGkXmp-TZ2QdNYdU4N7GluwCtfc06XBAMgeO
UQA2ytWvfLnSNJ_XhB3kFoi4Nynq8q5GjcYi-gzo1CvhltJ0,0.381217397,0.000000,0,0,2026-09-29 19:18,1,https://tonviewer.com/UQA2ytWvfLnSNJ_XhB3kFoi4Nynq8q5GjcYi-gzo1CvhltJ0
UQDPJIIV2BVHcD9UIMXp5f8TE_W3o-84YaVQS3xtPOPVQUI9,0.385711784,0.000000,0,0,2026-09-29 19:18,1,https://tonviewer.com/UQDPJIIV2BVHcD9UIMXp5f8TE_W3o-84YaVQS3xtPOPVQUI9
UQAoudouCpbRcf1BE_buiEC8YjCtKjPpcSlhMCstFaX7rtCP,0.363142949,0.000000,0,0,2026-09-29 19:18,1,https://tonviewer.com/UQAoudouCpbRcf1BE_buiEC8YjCtKjPpcSlhMCstFaX7rtCP
UQDtaQrEh_SvqYDS4mpp2YfX7jClx6_sC3B4tQLTmC9z8jhS,0.373773584,0.000000,0,0,2026-09-29 19:19,1,https://tonviewer.com/UQDtaQrEh_SvqYDS4mpp2YfX7jClx6_sC3B4tQLTmC9z8jhS
UQBkLcOFXQQEiUFsfmgX_2eM1aM3eSPQQI6TtpWigIf0e0lb,0.345838067,0.000000,1,0,2026-09-29 19:19,2,https://tonviewer.com/UQBkLcOFXQQEiUFsfmgX_2eM1aM3eSPQQI6TtpWigIf0e0lb
UQBJtNPQ0IJV8DgbJ1VZNckA8LnaS3TcMVqTqrMxiWyLffx5,0.353536655,1221.830302,0,0,2026-09-29 19:19,2,https://tonviewer.com/UQBJtNPQ0IJV8DgbJ1VZNckA8LnaS3TcMVqTqrMxiWyLffx5
UQDvOzF441Rwwio-gTTNlnQuvh1OMKwKdvbSuNDSZNaqoL_l,0.349586593,91.329613,0,0,2026-09-29 19:19,2,https://tonviewer.com/UQDvOzF441Rwwio-gTTNlnQuvh1OMKwKdvbSuNDSZNaqoL_l
UQA3IS4QlYJvnpiPylEmGFX4p7uIejyWe2GssoXPMidjVHRF,0.345067943,0.000000,0,0,2026-09-29 19:20,1,https://tonviewer.com/UQA3IS4QlYJvnpiPylEmGFX4p7uIejyWe2GssoXPMidjVHRF
UQAC1TpLQvyfRocX3V_JlWd30N2e5ean0bNYBiRZIWV_kY1E,0.931992625,0.000000,1,0,2026-09-29 19:20,2,https://tonviewer.com/UQAC1TpLQvyfRocX3V_JlWd30N2e5ean0bNYBiRZIWV_kY1E
UQCZ9H9fiztRv2eEAYxtUbGUnHqZ612CzXuwyvtV-44YJC5g,0.335262493,0.000000,0,0,2026-09-29 19:20,1,https://tonviewer.com/UQCZ9H9fiztRv2eEAYxtUbGUnHqZ612CzXuwyvtV-44YJC5g
UQDNmshSSDTsjP3U-gKyFV9Frx6lrx73mup3oImm9F2w8hdC,0.327936474,0.000000,0,0,2026-09-29 19:20,1,https://tonviewer.com/UQDNmshSSDTsjP3U-gKyFV9Frx6lrx73mup3oImm9F2w8hdC
UQCF1gxhb5gCoYAezKNPSji_sfWCTO84CM5L_9NATF3bWOLK,0.321947075,0.000000,0,0,2026-09-29 19:20,1,https://tonviewer.com/UQCF1gxhb5gCoYAezKNPSji_sfWCTO84CM5L_9NATF3bWOLK
UQAOzrwmppKfGUbC1_kmxJ68hd8RD1LbCTwMWFthwnSCSzIy,0.891145669,0.000000,3,0,2026-09-29 19:20,4,https://tonviewer.com/UQAOzrwmppKfGUbC1_kmxJ68hd8RD1LbCTwMWFthwnSCSzIy
UQDSpTVJnpQqG8-XJqjZtaKX3J-S01kIyfpJSD3RE6kNqqRi,0.920776862,0.000100,0,0,2026-09-29 19:21,2,https://tonviewer.com/UQDSpTVJnpQqG8-XJqjZtaKX3J-S01kIyfpJSD3RE6kNqqRi
UQCmCKgjS3X5uYpfVRDGB3waCvhBgNsQNtV4wFoVB1EYx6aF,0.313060370,0.000000,0,0,2026-09-29 19:21,1,https://tonviewer.com/UQCmCKgjS3X5uYpfVRDGB3waCvhBgNsQNtV4wFoVB1EYx6aF
UQC-Ue0aTXIespPxN7H2fBrBF9L8FQq7qVpplGgsEeLYNB6D,0.306086004,0.000000,0,0,2026-09-29 19:21,1,https://tonviewer.com/UQC-Ue0aTXIespPxN7H2fBrBF9L8FQq7qVpplGgsEeLYNB6D
UQDS6KqpPv0RNf2gJl0iM9jrP7pHOPcBsIHU_m0X4J4YGgOI,0.303452801,0.000000,0,0,2026-09-29 19:21,1,https://tonviewer.com/UQDS6KqpPv0RNf2gJl0iM9jrP7pHOPcBsIHU_m0X4J4YGgOI
UQD6jegAD0DT1M7GSx-GzEB6UjkWalWID541MgfQ-pE6PS46,0.285308913,0.000000,0,0,2026-09-29 19:21,1,https://tonviewer.com/UQD6jegAD0DT1M7GSx-GzEB6UjkWalWID541MgfQ-pE6PS46
UQDHBPqMnzcjhrL62YGM6Nvu9t2cOLk7b3SHa8rnuOgWNmwD,0.279964985,0.000000,0,0,2026-09-29 19:21,1,https://tonviewer.com/UQDHBPqMnzcjhrL62YGM6Nvu9t2cOLk7b3SHa8rnuOgWNmwD
UQDESJRSqG2qidobbTvHkG-Bm0cvvF9bpo4IRi2-ae1Z3w9B,0.573146001,0.000000,1,0,2026-09-29 19:21,2,https://tonviewer.com/UQDESJRSqG2qidobbTvHkG-Bm0cvvF9bpo4IRi2-ae1Z3w9B
UQBcSiSq0iRo8p7LvMXRaIJXFfabd3Unf3bFs4xEtww3kewp,0.265728883,0.000000,0,0,2026-09-29 19:22,1,https://tonviewer.com/UQBcSiSq0iRo8p7LvMXRaIJXFfabd3Unf3bFs4xEtww3kewp
UQDkXoK3KwJj7sq37_i6NzXKf4n3MbnzBgxr23xLp0K_dB02,0.258485340,0.000000,0,0,2026-09-29 19:22,1,https://tonviewer.com/UQDkXoK3KwJj7sq37_i6NzXKf4n3MbnzBgxr23xLp0K_dB02
UQA0qfIUFsmtnjzTuTLcKMwsZ16C2iQdwMZnefRMsu5xOoNr,0.240734410,0.000000,0,0,2026-09-29 19:22,1,https://tonviewer.com/UQA0qfIUFsmtnjzTuTLcKMwsZ16C2iQdwMZnefRMsu5xOoNr
UQCV6giVX8qFkASaB1e9y_hQ78AIDFYyJsQSUgl22DeP8CfS,0.231881348,0.000000,0,0,2026-09-29 19:22,1,https://tonviewer.com/UQCV6giVX8qFkASaB1e9y_hQ78AIDFYyJsQSUgl22DeP8CfS
UQB938lZqC7XhOwSCArZgfQ2CRFuqfMlNGUx-Hflosl7WRZz,0.468847592,0.000000,1,0,2026-09-29 19:22,2,https://tonviewer.com/UQB938lZqC7XhOwSCArZgfQ2CRFuqfMlNGUx-Hflosl7WRZz
UQBTMN0q9Q3wq_XuoLLyDmu0FBPiiJ1iinMVkwslLWKdvoXS,0.478010486,0.000000,1,0,2026-09-29 19:22,2,https://tonviewer.com/UQBTMN0q9Q3wq_XuoLLyDmu0FBPiiJ1iinMVkwslLWKdvoXS
UQCdLNDpPSyolKrlP-RdlZs7PvxEIt10OL7kYCOY6-6Msi9A,0.456352849,1.000000,0,0,2026-09-29 19:23,2,https://tonviewer.com/UQCdLNDpPSyolKrlP-RdlZs7PvxEIt10OL7kYCOY6-6Msi9A
UQD19wE0Ur0gER-g7TNRyoM6hBgmm8y_gxDjz_Toxio3wxph,0.420943424,0.030000,0,0,2026-09-29 19:23,2,https://tonviewer.com/UQD19wE0Ur0gER-g7TNRyoM6hBgmm8y_gxDjz_Toxio3wxph
UQD-D2PaM7kGCAyI-dEFIbt5HInB1tw4K_e_1zes2085asTg,0.395017273,0.625663,1,0,2026-09-29 19:23,3,https://tonviewer.com/UQD-D2PaM7kGCAyI-dEFIbt5HInB1tw4K_e_1zes2085asTg
UQDq0f0SRUlDVxxmjak4afxEdT7krJeXVeDJBnL4hZ-0SSYG,0.400737501,0.000000,1,0,2026-09-29 19:24,2,https://tonviewer.com/UQDq0f0SRUlDVxxmjak4afxEdT7krJeXVeDJBnL4hZ-0SSYG
UQAh8hPgT4L4oQkrRsZO3ihViZ0bd0uQj7cZ85ziMHFDrDGN,0.392340058,0.000000,1,0,2026-09-29 19:24,2,https://tonviewer.com/UQAh8hPgT4L4oQkrRsZO3ihViZ0bd0uQj7cZ85ziMHFDrDGN
UQAr4vDJq6V4aMWSxvrWpeDbb8nj9FPqnnDqpPb-L6QF6y5I,0.410888905,0.123636,0,0,2026-09-29 19:24,2,https://tonviewer.com/UQAr4vDJq6V4aMWSxvrWpeDbb8nj9FPqnnDqpPb-L6QF6y5I
UQD8Z7IF-MDvzqxpfd-EfnY7yLbLbseJ0lWHv1dMQLZP47B4,1.194544785,0.000200,3,0,2026-09-29 19:24,7,https://tonviewer.com/UQD8Z7IF-MDvzqxpfd-EfnY7yLbLbseJ0lWHv1dMQLZP47B4
UQBiPLSllgprpq14KnRnkSm5ivWREVPQXmP7Zbt_qV6rIH7F,0.738636780,4.203735,1,0,2026-09-29 19:25,4,https://tonviewer.com/UQBiPLSllgprpq14KnRnkSm5ivWREVPQXmP7Zbt_qV6rIH7F
UQCO1evHnn56G6AypiBlMil3oY32FIgX6f8pnv5wLarWohNc,0.223167375,0.000000,0,0,2026-09-29 19:50,1,https://tonviewer.com/UQCO1evHnn56G6AypiBlMil3oY32FIgX6f8pnv5wLarWohNc
UQBxU_McrLAszNo1Iul3Ygtkug9qNkijc1gEXzUG8et_VRHl,0.208110597,0.000000,0,0,2026-09-29 19:50,1,https://tonviewer.com/UQBxU_McrLAszNo1Iul3Ygtkug9qNkijc1gEXzUG8et_VRHl
UQB4meC5x_tel4VkHeFi9gl3jm63eDbJc1-EBfLhRezs0HwA,0.209034099,0.000000,0,0,2026-09-29 19:50,1,https://tonviewer.com/UQB4meC5x_tel4VkHeFi9gl3jm63eDbJc1-EBfLhRezs0HwA
UQDU242EDrbSLjuj-E08CJgJVCbmAV2agQpGVvmqSwesSyyS,0.197018480,0.000000,0,0,2026-09-29 19:50,1,https://tonviewer.com/UQDU242EDrbSLjuj-E08CJgJVCbmAV2agQpGVvmqSwesSyyS
UQDxDXFOrVgGRxuM35oMVAFAZQvkED1g_gj4dfei7DSbn_xs,0.190603774,0.000000,0,0,2026-09-29 19:50,1,https://tonviewer.com/UQDxDXFOrVgGRxuM35oMVAFAZQvkED1g_gj4dfei7DSbn_xs
UQDRfzxPvAhxJAHi7LTZ-Gpz_8H9rpYptfOmnf4icMNMH_qx,0.183155620,0.000000,0,0,2026-09-29 19:50,1,https://tonviewer.com/UQDRfzxPvAhxJAHi7LTZ-Gpz_8H9rpYptfOmnf4icMNMH_qx
UQB_Kg-mqcEJwX8GF12vQ0Li7YRWOq5tHC38SAgKj8Gwaph0,0.183556724,0.000000,0,0,2026-09-29 19:50,1,https://tonviewer.com/UQB_Kg-mqcEJwX8GF12vQ0Li7YRWOq5tHC38SAgKj8Gwaph0
UQAgED7cVUnG036cInXiXgUe3kYjYWW9lyoSlW8QIBW1yyNV,0.163181189,0.000000,0,0,2026-09-29 19:50,1,https://tonviewer.com/UQAgED7cVUnG036cInXiXgUe3kYjYWW9lyoSlW8QIBW1yyNV
UQCSl055JPPpu6wp8fG-Pffs2wWqeaeAhOYcfczawvpn_mNL,0.153052591,0.000000,0,0,2026-09-29 19:50,1,https://tonviewer.com/UQCSl055JPPpu6wp8fG-Pffs2wWqeaeAhOYcfczawvpn_mNL
UQDLf4Zft9AyiOklIKQYzALBzwZmehiHxAkNRx9JcJGiegnW,0.150169660,0.000000,0,0,2026-09-29 19:50,1,https://tonviewer.com/UQDLf4Zft9AyiOklIKQYzALBzwZmehiHxAkNRx9JcJGiegnW
UQABNkSHVJbvOzRweQgcPml5hgjm1yHTNj9xRHlgnbf1dtfg,0.145995925,0.000000,0,0,2026-09-29 19:51,1,https://tonviewer.com/UQABNkSHVJbvOzRweQgcPml5hgjm1yHTNj9xRHlgnbf1dtfg
UQCGzc2Q--KrtOckTixtSDvEuQiR3-LvoPYiMcI7JciiNJ3H,0.140700495,0.000000,0,0,2026-09-29 19:51,1,https://tonviewer.com/UQCGzc2Q--KrtOckTixtSDvEuQiR3-LvoPYiMcI7JciiNJ3H
UQDyxp7oZGwZN7upRrcIPwYZvmeYU8Ay3-oyrT1Ap5X8GDTF,0.129421184,0.000000,0,0,2026-09-29 19:51,1,https://tonviewer.com/UQDyxp7oZGwZN7upRrcIPwYZvmeYU8Ay3-oyrT1Ap5X8GDTF
UQDH9buKruXEFrUQFDwBYqmQ6FZ78ULYOQDkvbowl9Q3VaNR,0.134137705,0.000000,0,0,2026-09-29 19:51,1,https://tonviewer.com/UQDH9buKruXEFrUQFDwBYqmQ6FZ78ULYOQDkvbowl9Q3VaNR
UQB4uSd5kFgnkgX3hvW3gDWSd0pKHsLNdKuxP5obSY0M-TXj,0.128843966,0.000000,0,0,2026-09-29 19:51,1,https://tonviewer.com/UQB4uSd5kFgnkgX3hvW3gDWSd0pKHsLNdKuxP5obSY0M-TXj
UQDvtYOM06u3Rseh0ZWEQZBwnOlbMu8bwHqHMuTEYUM6HAw-,0.115871125,0.000000,0,0,2026-09-29 19:51,1,https://tonviewer.com/UQDvtYOM06u3Rseh0ZWEQZBwnOlbMu8bwHqHMuTEYUM6HAw-
UQCMBiRorQBplAyOYPvhl-RdJV8HZH2EQMQ7CrDldEyJw5cv,0.107236161,0.000000,0,0,2026-09-29 19:51,1,https://tonviewer.com/UQCMBiRorQBplAyOYPvhl-RdJV8HZH2EQMQ7CrDldEyJw5cv
UQBUAwsW9biTm1j4yXoLXgQRmHck_TFMtoRe4F0S6elt6jGI,0.101966804,0.000000,0,0,2026-09-29 19:51,1,https://tonviewer.com/UQBUAwsW9biTm1j4yXoLXgQRmHck_TFMtoRe4F0S6elt6jGI
UQBZS3Ruozp0y6KdubPbVjsTU0ZPu15A8aV6nil-4HF1erLD,0.104591313,0.000000,0,0,2026-09-29 19:51,1,https://tonviewer.com/UQBZS3Ruozp0y6KdubPbVjsTU0ZPu15A8aV6nil-4HF1erLD
UQBf1EGzHi3-KGh2ueKpBBrwsbLNsXtr5-ORk2Gl5CrH6oz3,0.103796369,0.000000,0,0,2026-09-29 19:52,1,https://tonviewer.com/UQBf1EGzHi3-KGh2ueKpBBrwsbLNsXtr5-ORk2Gl5CrH6oz3
UQA_sdRBoCyP_YT7zKH-09h_aVHgPfxdvMNVkhpoUVoV7urY,0.108462293,0.000000,0,0,2026-09-29 19:52,1,https://tonviewer.com/UQA_sdRBoCyP_YT7zKH-09h_aVHgPfxdvMNVkhpoUVoV7urY
UQAy_Dg_eewOeKisJCwSegIfSoi6onw7XtTMgQSGuODSV1OS,0.103293652,0.000000,0,0,2026-09-29 19:52,1,https://tonviewer.com/UQAy_Dg_eewOeKisJCwSegIfSoi6onw7XtTMgQSGuODSV1OS
UQBv7u4yLLGtIrD1QODPsomfbWvubMWN7f0FVDda8bHmWJp-,0.108059507,0.000000,0,0,2026-09-29 19:52,1,https://tonviewer.com/UQBv7u4yLLGtIrD1QODPsomfbWvubMWN7f0FVDda8bHmWJp-
UQAB_lGmd-exgiC0BoWi1DYghgptIqZv3yEQLXi4rw6gssck,0.105329713,0.000000,0,0,2026-09-29 19:52,1,https://tonviewer.com/UQAB_lGmd-exgiC0BoWi1DYghgptIqZv3yEQLXi4rw6gssck
UQCWqe58Rx639NFxkLcV0SAQvTBfaKIg05ZPkbbVt9625bN2,0.099075866,0.000000,0,0,2026-09-29 19:52,1,https://tonviewer.com/UQCWqe58Rx639NFxkLcV0SAQvTBfaKIg05ZPkbbVt9625bN2
UQAmTi3GxK2CuAcFBj-cggiJ4_KLB-xtg1gZPB6S6nucj43e,0.166416824,0.000000,0,0,2026-09-29 20:32,1,https://tonviewer.com/UQAmTi3GxK2CuAcFBj-cggiJ4_KLB-xtg1gZPB6S6nucj43e
UQCxRsJHefsJmAgZDPlp8I2rhs9iWmnYPSbYnLot9IwGpg49,2.871596796,0.000000,0,0,2026-09-29 20:32,1,https://tonviewer.com/UQCxRsJHefsJmAgZDPlp8I2rhs9iWmnYPSbYnLot9IwGpg49
UQBOPrACi3rJv1Hy44ppph9_ftP2YAawX-fvBdxaddWioCJX,0.364315612,0.000000,0,0,2026-09-29 20:32,1,https://tonviewer.com/UQBOPrACi3rJv1Hy44ppph9_ftP2YAawX-fvBdxaddWioCJX
UQAOOOEgMxmtHRMQw7joAIOphCGBBXNPcr1YF3Oh-PunzIT-,0.185806546,0.000000,0,0,2026-09-29 20:33,1,https://tonviewer.com/UQAOOOEgMxmtHRMQw7joAIOphCGBBXNPcr1YF3Oh-PunzIT-
UQDlSoY_C2yalzjN5QjhvyfNrM02ncTrS2rl1DZJcQnnUlps,0.096393520,0.000000,0,0,2026-09-29 20:36,1,https://tonviewer.com/UQDlSoY_C2yalzjN5QjhvyfNrM02ncTrS2rl1DZJcQnnUlps
UQAE7vZM2rcumaqyzvpgXPjxR82F3eAWoUNriLb3TCNon79Z,0.090596112,0.000000,0,0,2026-09-29 20:37,1,https://tonviewer.com/UQAE7vZM2rcumaqyzvpgXPjxR82F3eAWoUNriLb3TCNon79Z
UQDgjRuQvAkOh8C41pgg9T89YYJA_cZjEV7tpqwUN5nmPKPo,0.078351725,0.000000,0,0,2026-09-29 20:37,1,https://tonviewer.com/UQDgjRuQvAkOh8C41pgg9T89YYJA_cZjEV7tpqwUN5nmPKPo
UQCNCVnhZZDdtyp2a3jMg7UuvPkzRzmanVQgSMmKdo4tn2IC,0.067512844,0.000000,0,0,2026-09-29 20:38,1,https://tonviewer.com/UQCNCVnhZZDdtyp2a3jMg7UuvPkzRzmanVQgSMmKdo4tn2IC
UQCtvKyVcjX9yBOPAzC_DY8d4DjuMIHpQf2Nm9LQq55Y0Z7o,0.054792050,0.000000,0,0,2026-09-29 20:38,1,https://tonviewer.com/UQCtvKyVcjX9yBOPAzC_DY8d4DjuMIHpQf2Nm9LQq55Y0Z7o
UQCgdLxmLtAK6T3049pkbRGrSBM6HBnWwBHoxizqbFLGAe2G,0.117765332,0.000000,0,0,2026-09-29 20:38,1,https://tonviewer.com/UQCgdLxmLtAK6T3049pkbRGrSBM6HBnWwBHoxizqbFLGAe2G
UQDrVjXi3XUc9jRMNL5Hc8VLu5VacY4HnbTJtFx60qyrGeom,0.083190825,0.000000,0,0,2026-09-29 20:41,1,https://tonviewer.com/UQDrVjXi3XUc9jRMNL5Hc8VLu5VacY4HnbTJtFx60qyrGeom
UQBIfXHgdDoCXrfCFy6DzUpKgGt_bB4PpRsbC7Mz1rIN5kvv,0.048023666,0.000000,0,0,2026-09-29 20:44,1,https://tonviewer.com/UQBIfXHgdDoCXrfCFy6DzUpKgGt_bB4PpRsbC7Mz1rIN5kvv
UQB_WNTaFOnI-aGpIS33Nwi6c0ThVFo6h_wXWojO1Jgz7zmZ,0.054349205,0.000000,0,0,2026-09-29 20:50,1,https://tonviewer.com/UQB_WNTaFOnI-aGpIS33Nwi6c0ThVFo6h_wXWojO1Jgz7zmZ
UQD28MD-cykZan3t38WmRjLZC00IbSmLA5KwpEBIAnui8aQg,0.178479059,0.000000,0,0,2026-09-29 21:03,1,https://tonviewer.com/UQD28MD-cykZan3t38WmRjLZC00IbSmLA5KwpEBIAnui8aQg
UQDuiqGjzm1Llh3p-vFebIQH_KXQY-kTxZHtOq4JmLXYGpcP,1522.848866377,0.200000,3,2,2026-09-30 03:51,8,https://tonviewer.com/UQDuiqGjzm1Llh3p-vFebIQH_KXQY-kTxZHtOq4JmLXYGpcP
UQBJXqGDozJ9v_VLknrrj8UkhMnQuLMa9YMyORJYboMmRPUT,6.065405874,615.734840,5,1,2026-09-30 15:07,8,https://tonviewer.com/UQBJXqGDozJ9v_VLknrrj8UkhMnQuLMa9YMyORJYboMmRPUT
UQDu48Z10DrZa8lN3Ze-gQ2CvmHy1ts7DUBc7ktJwfrcwRMy,118.683881324,0.000000,6,2,2026-09-30 15:13,9,https://tonviewer.com/UQDu48Z10DrZa8lN3Ze-gQ2CvmHy1ts7DUBc7ktJwfrcwRMy
UQAk_hvS2Xdl1ljEP7KXjzxode4HQdpJEEZ53-o1ZGrlMBMB,196.743130709,0.000000,12,3,2026-09-30 15:17,17,https://tonviewer.com/UQAk_hvS2Xdl1ljEP7KXjzxode4HQdpJEEZ53-o1ZGrlMBMB
