address,hop,amount_sent_BTC,transactions,first_seen_utc,last_seen_utc,sent_into,label,explorer
bc1qdaarag7729c2n4l2wnyt3hkhfpcs66n98z7uuh,1,88.85003872,1,2026-07-30 01:43,2026-07-30 01:43,bc1q8jy96fe5lf8vfugydnte3cguk92gpev7kwtp3q,,https://mempool.space/address/bc1qdaarag7729c2n4l2wnyt3hkhfpcs66n98z7uuh
bc1qws3u2kw20y8q9k6sqe2p4k3whmrlawgft7qv47,2,17.39256787,1,2026-07-30 01:10,2026-07-30 01:10,bc1qdaarag7729c2n4l2wnyt3hkhfpcs66n98z7uuh,,https://mempool.space/address/bc1qws3u2kw20y8q9k6sqe2p4k3whmrlawgft7qv47
bc1quqhzaymqhf9sscvvy6aug7ymmavk8ds4jat0tm,2,10.00001464,1,2026-07-30 01:10,2026-07-30 01:10,bc1qdaarag7729c2n4l2wnyt3hkhfpcs66n98z7uuh,,https://mempool.space/address/bc1quqhzaymqhf9sscvvy6aug7ymmavk8ds4jat0tm
bc1q5jsd2qy4r5m89faek7ufuk2zyva9qm06e6tynm,2,7.83074972,1,2026-07-30 01:10,2026-07-30 01:10,bc1qdaarag7729c2n4l2wnyt3hkhfpcs66n98z7uuh,,https://mempool.space/address/bc1q5jsd2qy4r5m89faek7ufuk2zyva9qm06e6tynm
bc1qstmvrwnr9yvsu58lavhazmqz4vg7ewaya8nka7,2,6.61462943,1,2026-07-30 01:10,2026-07-30 01:10,bc1qdaarag7729c2n4l2wnyt3hkhfpcs66n98z7uuh,,https://mempool.space/address/bc1qstmvrwnr9yvsu58lavhazmqz4vg7ewaya8nka7
bc1qzupxucra34ct9f4gg05yr96xynsvakmpfech3u,2,6.31992744,1,2026-07-30 01:10,2026-07-30 01:10,bc1qdaarag7729c2n4l2wnyt3hkhfpcs66n98z7uuh,,https://mempool.space/address/bc1qzupxucra34ct9f4gg05yr96xynsvakmpfech3u
bc1qy9ec5np0fsq2xvhmrndy27gg35pvsk6shv27wm,2,4.999967,1,2026-07-30 01:10,2026-07-30 01:10,bc1qdaarag7729c2n4l2wnyt3hkhfpcs66n98z7uuh,,https://mempool.space/address/bc1qy9ec5np0fsq2xvhmrndy27gg35pvsk6shv27wm
bc1qfed5advvk8wks6lywp2fd7dz2cszwuptsef7kf,2,4.99994886,1,2026-07-30 01:10,2026-07-30 01:10,bc1qdaarag7729c2n4l2wnyt3hkhfpcs66n98z7uuh,,https://mempool.space/address/bc1qfed5advvk8wks6lywp2fd7dz2cszwuptsef7kf
bc1qruquaswvt3d48l95tlp9p3tz88tsxus066pq08,2,2.958267,1,2026-07-30 01:10,2026-07-30 01:10,bc1qdaarag7729c2n4l2wnyt3hkhfpcs66n98z7uuh,,https://mempool.space/address/bc1qruquaswvt3d48l95tlp9p3tz88tsxus066pq08
bc1qxhylaxu5ksq5kz6defc6ngk3jv4wwq25ah2vej,2,2.60699011,1,2026-07-30 01:10,2026-07-30 01:10,bc1qdaarag7729c2n4l2wnyt3hkhfpcs66n98z7uuh,,https://mempool.space/address/bc1qxhylaxu5ksq5kz6defc6ngk3jv4wwq25ah2vej
bc1qh0uydpkc6fxhajqt7dua5v57x5cmrcm0hf0ml6,2,2.18670001,1,2026-07-30 01:10,2026-07-30 01:10,bc1qdaarag7729c2n4l2wnyt3hkhfpcs66n98z7uuh,,https://mempool.space/address/bc1qh0uydpkc6fxhajqt7dua5v57x5cmrcm0hf0ml6
bc1qdnx0uzpjlp376hllwuklhdwedgpnrv0fpemhqm,2,1.609967,1,2026-07-30 01:10,2026-07-30 01:10,bc1qdaarag7729c2n4l2wnyt3hkhfpcs66n98z7uuh,,https://mempool.space/address/bc1qdnx0uzpjlp376hllwuklhdwedgpnrv0fpemhqm
bc1qwfljgxw88nrc62hp5gkqdw75axhhcz5zqujqw0,2,1.38918337,1,2026-07-30 01:10,2026-07-30 01:10,bc1qdaarag7729c2n4l2wnyt3hkhfpcs66n98z7uuh,,https://mempool.space/address/bc1qwfljgxw88nrc62hp5gkqdw75axhhcz5zqujqw0
bc1q8m7acjeal5tlj34twn297fu6dvaykj5lcm6eks,2,1.23085889,1,2026-07-30 01:10,2026-07-30 01:10,bc1qdaarag7729c2n4l2wnyt3hkhfpcs66n98z7uuh,,https://mempool.space/address/bc1q8m7acjeal5tlj34twn297fu6dvaykj5lcm6eks
bc1qlpg6p7za6qpjhegfqdj4cque0pcu3vxtjqa9e2,2,1.17895425,1,2026-07-30 01:10,2026-07-30 01:10,bc1qdaarag7729c2n4l2wnyt3hkhfpcs66n98z7uuh,,https://mempool.space/address/bc1qlpg6p7za6qpjhegfqdj4cque0pcu3vxtjqa9e2
bc1qe4nxfsa3j9lkcgsus7uwn3ecj00mmv8ppq376p,2,1.10222126,1,2026-07-30 01:10,2026-07-30 01:10,bc1qdaarag7729c2n4l2wnyt3hkhfpcs66n98z7uuh,,https://mempool.space/address/bc1qe4nxfsa3j9lkcgsus7uwn3ecj00mmv8ppq376p
bc1q3ecz3j4xge24lapxz40fsu7mg6g6vtzw4tzwy4,2,1.07372143,1,2026-07-30 01:10,2026-07-30 01:10,bc1qdaarag7729c2n4l2wnyt3hkhfpcs66n98z7uuh,,https://mempool.space/address/bc1q3ecz3j4xge24lapxz40fsu7mg6g6vtzw4tzwy4
bc1qdv5d0vv8r753nnfflegh3p06zwjczw8q59hu09,2,1.07232554,1,2026-07-30 01:10,2026-07-30 01:10,bc1qdaarag7729c2n4l2wnyt3hkhfpcs66n98z7uuh,,https://mempool.space/address/bc1qdv5d0vv8r753nnfflegh3p06zwjczw8q59hu09
bc1q657uv3wrtnna7atmntx4ktnenxw8hgganxuq4h,2,1.02649242,1,2026-07-30 01:10,2026-07-30 01:10,bc1qdaarag7729c2n4l2wnyt3hkhfpcs66n98z7uuh,,https://mempool.space/address/bc1q657uv3wrtnna7atmntx4ktnenxw8hgganxuq4h
bc1qj2h6alz6f0vjs9prz0tc8v0zv2knztph3tqjf4,2,1.02098493,1,2026-07-30 01:10,2026-07-30 01:10,bc1qdaarag7729c2n4l2wnyt3hkhfpcs66n98z7uuh,,https://mempool.space/address/bc1qj2h6alz6f0vjs9prz0tc8v0zv2knztph3tqjf4
bc1q5ttf8wrwzvn2xa2tk53nfyrrgxtp6gjkpfssmp,2,1.00991702,1,2026-07-30 01:10,2026-07-30 01:10,bc1qdaarag7729c2n4l2wnyt3hkhfpcs66n98z7uuh,,https://mempool.space/address/bc1q5ttf8wrwzvn2xa2tk53nfyrrgxtp6gjkpfssmp
bc1qxx59efpwc0zdyyhfqdsq0rescdlxlnddwukjwm,2,0.999967,1,2026-07-30 01:10,2026-07-30 01:10,bc1qdaarag7729c2n4l2wnyt3hkhfpcs66n98z7uuh,,https://mempool.space/address/bc1qxx59efpwc0zdyyhfqdsq0rescdlxlnddwukjwm
bc1qnwz6fef795px9jrd50ht0l7pyyvwha2e0nsd4k,2,0.94681549,1,2026-07-30 01:10,2026-07-30 01:10,bc1qdaarag7729c2n4l2wnyt3hkhfpcs66n98z7uuh,,https://mempool.space/address/bc1qnwz6fef795px9jrd50ht0l7pyyvwha2e0nsd4k
bc1qh0l7q0mca3ln7wsl9luwns0jc9jhgrtft025l4,1,0.77324018,1,2026-07-30 01:43,2026-07-30 01:43,bc1q8jy96fe5lf8vfugydnte3cguk92gpev7kwtp3q,,https://mempool.space/address/bc1qh0l7q0mca3ln7wsl9luwns0jc9jhgrtft025l4
bc1q7uddgqmy46fycdf5v37r8svrceeumvc4gxtm83,2,0.72400082,1,2026-07-30 01:10,2026-07-30 01:10,bc1qdaarag7729c2n4l2wnyt3hkhfpcs66n98z7uuh,,https://mempool.space/address/bc1q7uddgqmy46fycdf5v37r8svrceeumvc4gxtm83
bc1qeh0nugpmkq5dwjq57j934ukgpqdvwne2u8r4ug,2,0.69350962,1,2026-07-30 01:10,2026-07-30 01:10,bc1qdaarag7729c2n4l2wnyt3hkhfpcs66n98z7uuh,,https://mempool.space/address/bc1qeh0nugpmkq5dwjq57j934ukgpqdvwne2u8r4ug
bc1q63v8td5tknwmsgdq7xapsjlsg7w7u6tpm6ena9,2,0.599962,1,2026-07-30 01:10,2026-07-30 01:10,bc1qdaarag7729c2n4l2wnyt3hkhfpcs66n98z7uuh,,https://mempool.space/address/bc1q63v8td5tknwmsgdq7xapsjlsg7w7u6tpm6ena9
bc1qsdwkdfzf7gsges3j3hamdpt38eh2sjlytat6nm,2,0.59200025,1,2026-07-30 01:10,2026-07-30 01:10,bc1qdaarag7729c2n4l2wnyt3hkhfpcs66n98z7uuh,,https://mempool.space/address/bc1qsdwkdfzf7gsges3j3hamdpt38eh2sjlytat6nm
bc1q7j540r0l9a955chpkc8y6mnaz86mssagsky4jp,2,0.51576693,1,2026-07-30 01:10,2026-07-30 01:10,bc1qdaarag7729c2n4l2wnyt3hkhfpcs66n98z7uuh,,https://mempool.space/address/bc1q7j540r0l9a955chpkc8y6mnaz86mssagsky4jp
bc1q4e5fcu2l42kxfm6t6727c4f9m6tle5y8tp9v48,2,0.41833494,1,2026-07-30 01:10,2026-07-30 01:10,bc1qdaarag7729c2n4l2wnyt3hkhfpcs66n98z7uuh,,https://mempool.space/address/bc1q4e5fcu2l42kxfm6t6727c4f9m6tle5y8tp9v48
bc1q7ayy3877y8qtkp3ndem7ny7umz4dccm0l5md8n,2,0.32042393,1,2026-07-30 01:10,2026-07-30 01:10,bc1qdaarag7729c2n4l2wnyt3hkhfpcs66n98z7uuh,,https://mempool.space/address/bc1q7ayy3877y8qtkp3ndem7ny7umz4dccm0l5md8n
bc1qfygsqwqalfrsq02a9mu2eaqyl7qv6nu4qse4nl,2,0.30954909,1,2026-07-30 01:10,2026-07-30 01:10,bc1qdaarag7729c2n4l2wnyt3hkhfpcs66n98z7uuh,,https://mempool.space/address/bc1qfygsqwqalfrsq02a9mu2eaqyl7qv6nu4qse4nl
bc1qtedmdcmncmvdal55dt7yzc3jrk7gzug8pyn4cl,2,0.30779179,1,2026-07-30 01:10,2026-07-30 01:10,bc1qdaarag7729c2n4l2wnyt3hkhfpcs66n98z7uuh,,https://mempool.space/address/bc1qtedmdcmncmvdal55dt7yzc3jrk7gzug8pyn4cl
bc1qsfayffqqa4wnxg37yqlxpckdtsvv5g2tzpxkya,2,0.30565691,1,2026-07-30 01:10,2026-07-30 01:10,bc1qdaarag7729c2n4l2wnyt3hkhfpcs66n98z7uuh,,https://mempool.space/address/bc1qsfayffqqa4wnxg37yqlxpckdtsvv5g2tzpxkya
bc1q3tuuk4pw72nqdeazfq5x7eux0l58n85926ghlt,2,0.2707687,1,2026-07-30 01:10,2026-07-30 01:10,bc1qdaarag7729c2n4l2wnyt3hkhfpcs66n98z7uuh,,https://mempool.space/address/bc1q3tuuk4pw72nqdeazfq5x7eux0l58n85926ghlt
bc1quds7zvqumlk2924q3pw6jsqa9xl9uq7h3npm35,2,0.24274929,1,2026-07-30 01:10,2026-07-30 01:10,bc1qdaarag7729c2n4l2wnyt3hkhfpcs66n98z7uuh,,https://mempool.space/address/bc1quds7zvqumlk2924q3pw6jsqa9xl9uq7h3npm35
bc1qemfejea9nflklu39mt8yf8gnvrkwtgv4aqxavr,2,0.192167,1,2026-07-30 01:10,2026-07-30 01:10,bc1qdaarag7729c2n4l2wnyt3hkhfpcs66n98z7uuh,,https://mempool.space/address/bc1qemfejea9nflklu39mt8yf8gnvrkwtgv4aqxavr
bc1q3ruhttadt0m02gzyv4npxq04wxs7t4rll0djxu,2,0.16224498,1,2026-07-30 01:10,2026-07-30 01:10,bc1qdaarag7729c2n4l2wnyt3hkhfpcs66n98z7uuh,,https://mempool.space/address/bc1q3ruhttadt0m02gzyv4npxq04wxs7t4rll0djxu
bc1qxra654zrcnh8fy267r8fwvy8xma4yu2952lt94,2,0.1586307,1,2026-07-30 01:10,2026-07-30 01:10,bc1qdaarag7729c2n4l2wnyt3hkhfpcs66n98z7uuh,,https://mempool.space/address/bc1qxra654zrcnh8fy267r8fwvy8xma4yu2952lt94
bc1q0tgsl3av6q4guywmhtyy08ah8lr0y7l3m988w0,2,0.149964,1,2026-07-30 01:10,2026-07-30 01:10,bc1qdaarag7729c2n4l2wnyt3hkhfpcs66n98z7uuh,,https://mempool.space/address/bc1q0tgsl3av6q4guywmhtyy08ah8lr0y7l3m988w0
bc1qqsqdtltgw02tpuvgys6dc9au592v3tav0f4fyh,2,0.13711267,1,2026-07-30 01:10,2026-07-30 01:10,bc1qdaarag7729c2n4l2wnyt3hkhfpcs66n98z7uuh,,https://mempool.space/address/bc1qqsqdtltgw02tpuvgys6dc9au592v3tav0f4fyh
bc1qhvj9ndng3sv34upy0rvjzcs5f75q8hacdxrkcm,2,0.13346039,1,2026-07-30 01:10,2026-07-30 01:10,bc1qdaarag7729c2n4l2wnyt3hkhfpcs66n98z7uuh,,https://mempool.space/address/bc1qhvj9ndng3sv34upy0rvjzcs5f75q8hacdxrkcm
bc1qm2cc0ztavncq5w5nursaeft5dfuw5gm4gl0q33,2,0.13307481,1,2026-07-30 01:10,2026-07-30 01:10,bc1qdaarag7729c2n4l2wnyt3hkhfpcs66n98z7uuh,,https://mempool.space/address/bc1qm2cc0ztavncq5w5nursaeft5dfuw5gm4gl0q33
bc1q868qkyj6svruljur264fxq7yk4w5aq6fz946dq,2,0.1274181,1,2026-07-30 01:10,2026-07-30 01:10,bc1qdaarag7729c2n4l2wnyt3hkhfpcs66n98z7uuh,,https://mempool.space/address/bc1q868qkyj6svruljur264fxq7yk4w5aq6fz946dq
bc1qnqr6gumesc78zhedg2t70xn67y8ykp7vmkjps4,2,0.1182744,1,2026-07-30 01:10,2026-07-30 01:10,bc1qdaarag7729c2n4l2wnyt3hkhfpcs66n98z7uuh,,https://mempool.space/address/bc1qnqr6gumesc78zhedg2t70xn67y8ykp7vmkjps4
bc1q74eavdjft9julgjlmgmt8ygmymdwregyny3pwe,2,0.102567,1,2026-07-30 01:10,2026-07-30 01:10,bc1qdaarag7729c2n4l2wnyt3hkhfpcs66n98z7uuh,,https://mempool.space/address/bc1q74eavdjft9julgjlmgmt8ygmymdwregyny3pwe
bc1qtaqfj7w939rw9qqgwq7l9c33gm50e8ncjlauwp,2,0.1018168,1,2026-07-30 01:10,2026-07-30 01:10,bc1qdaarag7729c2n4l2wnyt3hkhfpcs66n98z7uuh,,https://mempool.space/address/bc1qtaqfj7w939rw9qqgwq7l9c33gm50e8ncjlauwp
bc1q28hf47krfpqttc9qeh3fzpzd2t3elvnqmfdqk7,2,0.10118677,1,2026-07-30 01:10,2026-07-30 01:10,bc1qdaarag7729c2n4l2wnyt3hkhfpcs66n98z7uuh,,https://mempool.space/address/bc1q28hf47krfpqttc9qeh3fzpzd2t3elvnqmfdqk7
bc1qam6tafju2acuemdkq4389m06xj87nd532lfnt8,2,0.10053076,1,2026-07-30 01:10,2026-07-30 01:10,bc1qdaarag7729c2n4l2wnyt3hkhfpcs66n98z7uuh,,https://mempool.space/address/bc1qam6tafju2acuemdkq4389m06xj87nd532lfnt8
bc1qr0yucvxt7uvkqgaxmtggu0v26s3pj8s9vsd2az,2,0.086967,1,2026-07-30 01:10,2026-07-30 01:10,bc1qdaarag7729c2n4l2wnyt3hkhfpcs66n98z7uuh,,https://mempool.space/address/bc1qr0yucvxt7uvkqgaxmtggu0v26s3pj8s9vsd2az
bc1q8xf00n0839xjknj5qds5yh7avtv0w0mxezsm9c,2,0.08378715,1,2026-07-30 01:10,2026-07-30 01:10,bc1qdaarag7729c2n4l2wnyt3hkhfpcs66n98z7uuh,,https://mempool.space/address/bc1q8xf00n0839xjknj5qds5yh7avtv0w0mxezsm9c
bc1qmser8c5d37dyc9w6yh78qngj8lf4jh96nq8rv6,2,0.078467,1,2026-07-30 01:10,2026-07-30 01:10,bc1qdaarag7729c2n4l2wnyt3hkhfpcs66n98z7uuh,,https://mempool.space/address/bc1qmser8c5d37dyc9w6yh78qngj8lf4jh96nq8rv6
bc1q36elchvaezgcjfed5hpemgpa7wczr3z92mh0z4,2,0.07829967,1,2026-07-30 01:10,2026-07-30 01:10,bc1qdaarag7729c2n4l2wnyt3hkhfpcs66n98z7uuh,,https://mempool.space/address/bc1q36elchvaezgcjfed5hpemgpa7wczr3z92mh0z4
bc1q99fqkwhgcsgj5hm6q9e0kkcty8c8m7290d833u,2,0.06739,1,2026-07-30 01:10,2026-07-30 01:10,bc1qdaarag7729c2n4l2wnyt3hkhfpcs66n98z7uuh,,https://mempool.space/address/bc1q99fqkwhgcsgj5hm6q9e0kkcty8c8m7290d833u
bc1qw7rqm2qctlceaw0lkmtt6duenkh4leq9fgzmj5,2,0.06477996,1,2026-07-30 01:10,2026-07-30 01:10,bc1qdaarag7729c2n4l2wnyt3hkhfpcs66n98z7uuh,,https://mempool.space/address/bc1qw7rqm2qctlceaw0lkmtt6duenkh4leq9fgzmj5
bc1qg5cpwz9efsemch9jl7v4ursz9l7rs8wkxjyj88,2,0.0627292,1,2026-07-30 01:10,2026-07-30 01:10,bc1qdaarag7729c2n4l2wnyt3hkhfpcs66n98z7uuh,,https://mempool.space/address/bc1qg5cpwz9efsemch9jl7v4ursz9l7rs8wkxjyj88
bc1q7h8acl3ajyvmpwamd0xptqhmp5rw0qftw0m3pq,2,0.06213672,1,2026-07-30 01:10,2026-07-30 01:10,bc1qdaarag7729c2n4l2wnyt3hkhfpcs66n98z7uuh,,https://mempool.space/address/bc1q7h8acl3ajyvmpwamd0xptqhmp5rw0qftw0m3pq
bc1qzqcx0mymuuqcv5l08jn245zuuh0yn7ethngef2,2,0.059467,1,2026-07-30 01:10,2026-07-30 01:10,bc1qdaarag7729c2n4l2wnyt3hkhfpcs66n98z7uuh,,https://mempool.space/address/bc1qzqcx0mymuuqcv5l08jn245zuuh0yn7ethngef2
bc1qxk4ap55j9gys5d7rm80c3jd3465peqc45avtc3,2,0.05839083,1,2026-07-30 01:10,2026-07-30 01:10,bc1qdaarag7729c2n4l2wnyt3hkhfpcs66n98z7uuh,,https://mempool.space/address/bc1qxk4ap55j9gys5d7rm80c3jd3465peqc45avtc3
bc1q4wpv7camn47m2hc0ukjxutvll9tge7x3d6vxs6,2,0.05603347,1,2026-07-30 01:10,2026-07-30 01:10,bc1qdaarag7729c2n4l2wnyt3hkhfpcs66n98z7uuh,,https://mempool.space/address/bc1q4wpv7camn47m2hc0ukjxutvll9tge7x3d6vxs6
bc1qcm8vq094lkqayqax2phndpu33v8qyzqhegkx7m,2,0.05365524,1,2026-07-30 01:10,2026-07-30 01:10,bc1qdaarag7729c2n4l2wnyt3hkhfpcs66n98z7uuh,,https://mempool.space/address/bc1qcm8vq094lkqayqax2phndpu33v8qyzqhegkx7m
bc1qdgumj68pxfke0c5rms3rdkmuwc8pq3ccx5yfpc,2,0.0529336,1,2026-07-30 01:10,2026-07-30 01:10,bc1qdaarag7729c2n4l2wnyt3hkhfpcs66n98z7uuh,,https://mempool.space/address/bc1qdgumj68pxfke0c5rms3rdkmuwc8pq3ccx5yfpc
bc1qfzaz6ujf3jegp04ss0p6snlydupuh4e4gljjtk,2,0.05235419,1,2026-07-30 01:10,2026-07-30 01:10,bc1qdaarag7729c2n4l2wnyt3hkhfpcs66n98z7uuh,,https://mempool.space/address/bc1qfzaz6ujf3jegp04ss0p6snlydupuh4e4gljjtk
bc1q66fm73j7fyu5la266l7z7dm46uyrxc952nuhge,2,0.04892,1,2026-07-30 01:10,2026-07-30 01:10,bc1qdaarag7729c2n4l2wnyt3hkhfpcs66n98z7uuh,,https://mempool.space/address/bc1q66fm73j7fyu5la266l7z7dm46uyrxc952nuhge
bc1qh295d85gk5ayx8370u2672ty58wvzsu2tsjudp,2,0.0468405,1,2026-07-30 01:10,2026-07-30 01:10,bc1qdaarag7729c2n4l2wnyt3hkhfpcs66n98z7uuh,,https://mempool.space/address/bc1qh295d85gk5ayx8370u2672ty58wvzsu2tsjudp
bc1qcs34dnu5k54hlk5e8unys5ju85yqhtanrthqnc,2,0.04620184,1,2026-07-30 01:10,2026-07-30 01:10,bc1qdaarag7729c2n4l2wnyt3hkhfpcs66n98z7uuh,,https://mempool.space/address/bc1qcs34dnu5k54hlk5e8unys5ju85yqhtanrthqnc
bc1qhheyp59k5mqur7dj7mgxg9am82zjxhlz99cxn9,2,0.04596633,1,2026-07-30 01:10,2026-07-30 01:10,bc1qdaarag7729c2n4l2wnyt3hkhfpcs66n98z7uuh,,https://mempool.space/address/bc1qhheyp59k5mqur7dj7mgxg9am82zjxhlz99cxn9
bc1ql8z05jky2hy4lpva0shvpdn9e347hcd2d3096t,2,0.04506764,1,2026-07-30 01:10,2026-07-30 01:10,bc1qdaarag7729c2n4l2wnyt3hkhfpcs66n98z7uuh,,https://mempool.space/address/bc1ql8z05jky2hy4lpva0shvpdn9e347hcd2d3096t
bc1qhk9vchydq0egxycmn93rjyt5fn55709yw6q902,2,0.04404886,1,2026-07-30 01:10,2026-07-30 01:10,bc1qdaarag7729c2n4l2wnyt3hkhfpcs66n98z7uuh,,https://mempool.space/address/bc1qhk9vchydq0egxycmn93rjyt5fn55709yw6q902
bc1qc68eha7e4q088fpc5jf2cjufkdxq72x9t2cxcn,2,0.04193634,1,2026-07-30 01:10,2026-07-30 01:10,bc1qdaarag7729c2n4l2wnyt3hkhfpcs66n98z7uuh,,https://mempool.space/address/bc1qc68eha7e4q088fpc5jf2cjufkdxq72x9t2cxcn
bc1qkw3ggzzehefpcluufss4h7r7fm7a7jndxxky2u,2,0.04157052,1,2026-07-30 01:10,2026-07-30 01:10,bc1qdaarag7729c2n4l2wnyt3hkhfpcs66n98z7uuh,,https://mempool.space/address/bc1qkw3ggzzehefpcluufss4h7r7fm7a7jndxxky2u
bc1qtkqeac08yehxnzxnqdhfl5g6hkryghdqsqa2d5,2,0.04153462,1,2026-07-30 01:10,2026-07-30 01:10,bc1qdaarag7729c2n4l2wnyt3hkhfpcs66n98z7uuh,,https://mempool.space/address/bc1qtkqeac08yehxnzxnqdhfl5g6hkryghdqsqa2d5
bc1qugre430zpwnqltrv0kg5srhp5ftlgnyzxq9nee,2,0.04105784,1,2026-07-30 01:10,2026-07-30 01:10,bc1qdaarag7729c2n4l2wnyt3hkhfpcs66n98z7uuh,,https://mempool.space/address/bc1qugre430zpwnqltrv0kg5srhp5ftlgnyzxq9nee
bc1qvw7e7l9gaat383n2p4r4k0tjn2wgafp3pwku59,2,0.04102955,1,2026-07-30 01:10,2026-07-30 01:10,bc1qdaarag7729c2n4l2wnyt3hkhfpcs66n98z7uuh,,https://mempool.space/address/bc1qvw7e7l9gaat383n2p4r4k0tjn2wgafp3pwku59
bc1qs09u8hc9zkklpcjhxqq7t3kss305q9m4rs7ze8,2,0.04061584,1,2026-07-30 01:10,2026-07-30 01:10,bc1qdaarag7729c2n4l2wnyt3hkhfpcs66n98z7uuh,,https://mempool.space/address/bc1qs09u8hc9zkklpcjhxqq7t3kss305q9m4rs7ze8
bc1qfsm3kp83zjges5cwnnmd8a4ss50w5l69wuhwc9,2,0.04043879,1,2026-07-30 01:10,2026-07-30 01:10,bc1qdaarag7729c2n4l2wnyt3hkhfpcs66n98z7uuh,,https://mempool.space/address/bc1qfsm3kp83zjges5cwnnmd8a4ss50w5l69wuhwc9
bc1qergv2a6hglntwn09vx5k4f0wacm398zryuv668,2,0.04036037,1,2026-07-30 01:10,2026-07-30 01:10,bc1qdaarag7729c2n4l2wnyt3hkhfpcs66n98z7uuh,,https://mempool.space/address/bc1qergv2a6hglntwn09vx5k4f0wacm398zryuv668
bc1qfwp8hww5qmy263k3ltpd6dvt4huvh05zmuv24w,2,0.03912951,1,2026-07-30 01:10,2026-07-30 01:10,bc1qdaarag7729c2n4l2wnyt3hkhfpcs66n98z7uuh,,https://mempool.space/address/bc1qfwp8hww5qmy263k3ltpd6dvt4huvh05zmuv24w
bc1qu4f49dv9u20x2w3l7p2gs67ztap2stwjkqxztt,2,0.03883637,1,2026-07-30 01:10,2026-07-30 01:10,bc1qdaarag7729c2n4l2wnyt3hkhfpcs66n98z7uuh,,https://mempool.space/address/bc1qu4f49dv9u20x2w3l7p2gs67ztap2stwjkqxztt
bc1qa8v2wpu2r79k90r5cwy6uj4e0s6ey3acfnns7d,2,0.03798727,1,2026-07-30 01:10,2026-07-30 01:10,bc1qdaarag7729c2n4l2wnyt3hkhfpcs66n98z7uuh,,https://mempool.space/address/bc1qa8v2wpu2r79k90r5cwy6uj4e0s6ey3acfnns7d
bc1qzwrnsndcj3c8j5pgccfyxkvxhwu5z0wktemh3e,2,0.0371396,1,2026-07-30 01:10,2026-07-30 01:10,bc1qdaarag7729c2n4l2wnyt3hkhfpcs66n98z7uuh,,https://mempool.space/address/bc1qzwrnsndcj3c8j5pgccfyxkvxhwu5z0wktemh3e
bc1qzllrs7nt6s9pwtrlhtl47mjad47fjj2llxle2z,2,0.03518458,1,2026-07-30 01:10,2026-07-30 01:10,bc1qdaarag7729c2n4l2wnyt3hkhfpcs66n98z7uuh,,https://mempool.space/address/bc1qzllrs7nt6s9pwtrlhtl47mjad47fjj2llxle2z
bc1qdqn3xzhf895vh5cjpvqhkfajsjsklt4ha8ln6w,2,0.03332113,1,2026-07-30 01:10,2026-07-30 01:10,bc1qdaarag7729c2n4l2wnyt3hkhfpcs66n98z7uuh,,https://mempool.space/address/bc1qdqn3xzhf895vh5cjpvqhkfajsjsklt4ha8ln6w
bc1qnqqdpv5nq8xys99l6eahhjs2sqfpruc5y2tutf,2,0.0327315,1,2026-07-30 01:10,2026-07-30 01:10,bc1qdaarag7729c2n4l2wnyt3hkhfpcs66n98z7uuh,,https://mempool.space/address/bc1qnqqdpv5nq8xys99l6eahhjs2sqfpruc5y2tutf
bc1qce0k8apasq7lldtphs3p3mcfx0za3l3kvq9kl9,2,0.03227026,1,2026-07-30 01:10,2026-07-30 01:10,bc1qdaarag7729c2n4l2wnyt3hkhfpcs66n98z7uuh,,https://mempool.space/address/bc1qce0k8apasq7lldtphs3p3mcfx0za3l3kvq9kl9
bc1qx5vwrkl5xvgdv3urv6qyc36gp9e55sy9x0fv7c,2,0.03202603,1,2026-07-30 01:10,2026-07-30 01:10,bc1qdaarag7729c2n4l2wnyt3hkhfpcs66n98z7uuh,,https://mempool.space/address/bc1qx5vwrkl5xvgdv3urv6qyc36gp9e55sy9x0fv7c
bc1qlxjp9tqaffqjh7fxjv4rhtea2hdp0q2pldt9ca,2,0.03192714,1,2026-07-30 01:10,2026-07-30 01:10,bc1qdaarag7729c2n4l2wnyt3hkhfpcs66n98z7uuh,,https://mempool.space/address/bc1qlxjp9tqaffqjh7fxjv4rhtea2hdp0q2pldt9ca
bc1qhg8r6nss6hmkmu83e4yxuvn6tgwxsaludfq8s6,2,0.03192541,1,2026-07-30 01:10,2026-07-30 01:10,bc1qdaarag7729c2n4l2wnyt3hkhfpcs66n98z7uuh,,https://mempool.space/address/bc1qhg8r6nss6hmkmu83e4yxuvn6tgwxsaludfq8s6
bc1q7uq7gx0f2vud0kkjfxfjwsvufy4p96wwesjt93,2,0.02977876,1,2026-07-30 01:10,2026-07-30 01:10,bc1qdaarag7729c2n4l2wnyt3hkhfpcs66n98z7uuh,,https://mempool.space/address/bc1q7uq7gx0f2vud0kkjfxfjwsvufy4p96wwesjt93
bc1qfnlmmut9emjkzkleuq7fjkf96gd48cc8wgzukz,2,0.0295153,1,2026-07-30 01:10,2026-07-30 01:10,bc1qdaarag7729c2n4l2wnyt3hkhfpcs66n98z7uuh,,https://mempool.space/address/bc1qfnlmmut9emjkzkleuq7fjkf96gd48cc8wgzukz
bc1q8774qzg36uttzhfayppqfss6eu0lz06pq7qdmp,2,0.02937652,1,2026-07-30 01:10,2026-07-30 01:10,bc1qdaarag7729c2n4l2wnyt3hkhfpcs66n98z7uuh,,https://mempool.space/address/bc1q8774qzg36uttzhfayppqfss6eu0lz06pq7qdmp
bc1q2szyapv9jyuywh6gzc929ep5g90hmlzur46m4q,2,0.02682222,1,2026-07-30 01:10,2026-07-30 01:10,bc1qdaarag7729c2n4l2wnyt3hkhfpcs66n98z7uuh,,https://mempool.space/address/bc1q2szyapv9jyuywh6gzc929ep5g90hmlzur46m4q
bc1qjgku0u0x86psdsr53j6cfdnhsay2smvx3mv29v,2,0.02623333,1,2026-07-30 01:10,2026-07-30 01:10,bc1qdaarag7729c2n4l2wnyt3hkhfpcs66n98z7uuh,,https://mempool.space/address/bc1qjgku0u0x86psdsr53j6cfdnhsay2smvx3mv29v
bc1qm4jxj20lqgcynt5cfqxf4saclm48njcl0z0ur4,2,0.02541414,1,2026-07-30 01:10,2026-07-30 01:10,bc1qdaarag7729c2n4l2wnyt3hkhfpcs66n98z7uuh,,https://mempool.space/address/bc1qm4jxj20lqgcynt5cfqxf4saclm48njcl0z0ur4
bc1q6e4zjtmeqwuk5tgp30k834rsj3alkcyfcgnxqe,2,0.02536715,1,2026-07-30 01:10,2026-07-30 01:10,bc1qdaarag7729c2n4l2wnyt3hkhfpcs66n98z7uuh,,https://mempool.space/address/bc1q6e4zjtmeqwuk5tgp30k834rsj3alkcyfcgnxqe
bc1qm44nwazc42035ac95zqx4sfkprge26wlyczavs,2,0.02477501,1,2026-07-30 01:10,2026-07-30 01:10,bc1qdaarag7729c2n4l2wnyt3hkhfpcs66n98z7uuh,,https://mempool.space/address/bc1qm44nwazc42035ac95zqx4sfkprge26wlyczavs
bc1q25uevwkqw0g4q25ycjvrsgvd50u6rvf0r9nzz0,2,0.0244414,1,2026-07-30 01:10,2026-07-30 01:10,bc1qdaarag7729c2n4l2wnyt3hkhfpcs66n98z7uuh,,https://mempool.space/address/bc1q25uevwkqw0g4q25ycjvrsgvd50u6rvf0r9nzz0
bc1qlh977h6l6xlcx2grf4p0pf2l0r9458cdjf256g,2,0.02357129,1,2026-07-30 01:10,2026-07-30 01:10,bc1qdaarag7729c2n4l2wnyt3hkhfpcs66n98z7uuh,,https://mempool.space/address/bc1qlh977h6l6xlcx2grf4p0pf2l0r9458cdjf256g
bc1qwc3ugwhmhg8ghtesq2tmc9fy3zekrwfeq0s33c,2,0.022894,1,2026-07-30 01:10,2026-07-30 01:10,bc1qdaarag7729c2n4l2wnyt3hkhfpcs66n98z7uuh,,https://mempool.space/address/bc1qwc3ugwhmhg8ghtesq2tmc9fy3zekrwfeq0s33c
bc1qw7g4cuqwxs9x380faf32uythjsrz9g2u5gy2tn,2,0.02276531,1,2026-07-30 01:10,2026-07-30 01:10,bc1qdaarag7729c2n4l2wnyt3hkhfpcs66n98z7uuh,,https://mempool.space/address/bc1qw7g4cuqwxs9x380faf32uythjsrz9g2u5gy2tn
bc1qjpkvmrpfxs5aqxgmzwvk6nkcn5dfmvhykl7dp8,2,0.02238879,1,2026-07-30 01:10,2026-07-30 01:10,bc1qdaarag7729c2n4l2wnyt3hkhfpcs66n98z7uuh,,https://mempool.space/address/bc1qjpkvmrpfxs5aqxgmzwvk6nkcn5dfmvhykl7dp8
bc1qry72n86q0wlujv70gdw73zwhf3dj536sjm2jx0,2,0.02152167,1,2026-07-30 01:10,2026-07-30 01:10,bc1qdaarag7729c2n4l2wnyt3hkhfpcs66n98z7uuh,,https://mempool.space/address/bc1qry72n86q0wlujv70gdw73zwhf3dj536sjm2jx0
bc1q6z64x6k5vznjr8hq9yqzsgqv6w2tw9sqytpn30,2,0.0212161,1,2026-07-30 01:10,2026-07-30 01:10,bc1qh0l7q0mca3ln7wsl9luwns0jc9jhgrtft025l4,,https://mempool.space/address/bc1q6z64x6k5vznjr8hq9yqzsgqv6w2tw9sqytpn30
bc1q9fdr5zya6mtrreh8jf3ywkkz6az3gdluk76s4t,2,0.0210882,1,2026-07-30 01:10,2026-07-30 01:10,bc1qh0l7q0mca3ln7wsl9luwns0jc9jhgrtft025l4,,https://mempool.space/address/bc1q9fdr5zya6mtrreh8jf3ywkkz6az3gdluk76s4t
bc1quh8j3ed3gpajsx9jx2sy2g9teeqhgugj8c7txl,2,0.020967,1,2026-07-30 01:10,2026-07-30 01:10,bc1qh0l7q0mca3ln7wsl9luwns0jc9jhgrtft025l4,,https://mempool.space/address/bc1quh8j3ed3gpajsx9jx2sy2g9teeqhgugj8c7txl
bc1qv27j7nkv2wgmwa550esmha7e9cm7n2mcucv2hs,2,0.02050647,1,2026-07-30 01:10,2026-07-30 01:10,bc1qh0l7q0mca3ln7wsl9luwns0jc9jhgrtft025l4,,https://mempool.space/address/bc1qv27j7nkv2wgmwa550esmha7e9cm7n2mcucv2hs
bc1qf6yuc4fc6kymnhp68kvxw6u576pk6d5rqlpt46,2,0.02036089,1,2026-07-30 01:10,2026-07-30 01:10,bc1qh0l7q0mca3ln7wsl9luwns0jc9jhgrtft025l4,,https://mempool.space/address/bc1qf6yuc4fc6kymnhp68kvxw6u576pk6d5rqlpt46
bc1qrr84ncezrepkdg58dpw9v4yrvq3vvhfu8q3xvp,2,0.02022723,1,2026-07-30 01:10,2026-07-30 01:10,bc1qh0l7q0mca3ln7wsl9luwns0jc9jhgrtft025l4,,https://mempool.space/address/bc1qrr84ncezrepkdg58dpw9v4yrvq3vvhfu8q3xvp
bc1qehvajvfj5xrt24a25hx5sj03h9r56uuq0pxpvq,2,0.01996685,1,2026-07-30 01:10,2026-07-30 01:10,bc1qh0l7q0mca3ln7wsl9luwns0jc9jhgrtft025l4,,https://mempool.space/address/bc1qehvajvfj5xrt24a25hx5sj03h9r56uuq0pxpvq
bc1q9w8r36tqqpgtj3gx32cxuexv08q2k3f0eue3aa,2,0.01985479,1,2026-07-30 01:10,2026-07-30 01:10,bc1qh0l7q0mca3ln7wsl9luwns0jc9jhgrtft025l4,,https://mempool.space/address/bc1q9w8r36tqqpgtj3gx32cxuexv08q2k3f0eue3aa
bc1qsuny963n2fgh9pqgckmkvzgdlvs46pfp9uzy5m,2,0.01976023,1,2026-07-30 01:10,2026-07-30 01:10,bc1qh0l7q0mca3ln7wsl9luwns0jc9jhgrtft025l4,,https://mempool.space/address/bc1qsuny963n2fgh9pqgckmkvzgdlvs46pfp9uzy5m
bc1qdjtt3ujus3z69ga0049uwusna3jtzq0atjg774,2,0.01966212,1,2026-07-30 01:10,2026-07-30 01:10,bc1qh0l7q0mca3ln7wsl9luwns0jc9jhgrtft025l4,,https://mempool.space/address/bc1qdjtt3ujus3z69ga0049uwusna3jtzq0atjg774
bc1q5hz8957p7t0t5dwazx35ex4svyp4yjvycc57cd,2,0.01812055,1,2026-07-30 01:10,2026-07-30 01:10,bc1qh0l7q0mca3ln7wsl9luwns0jc9jhgrtft025l4,,https://mempool.space/address/bc1q5hz8957p7t0t5dwazx35ex4svyp4yjvycc57cd
bc1qwa2e02k97w7usmr0dft05smrn64e00mqyng34v,2,0.01779044,1,2026-07-30 01:10,2026-07-30 01:10,bc1qh0l7q0mca3ln7wsl9luwns0jc9jhgrtft025l4,,https://mempool.space/address/bc1qwa2e02k97w7usmr0dft05smrn64e00mqyng34v
bc1qljnjchqetgpkzkamztmqef9hukfmhvcy0qu6qe,2,0.01776735,1,2026-07-30 01:10,2026-07-30 01:10,bc1qh0l7q0mca3ln7wsl9luwns0jc9jhgrtft025l4,,https://mempool.space/address/bc1qljnjchqetgpkzkamztmqef9hukfmhvcy0qu6qe
bc1qx9xl4zh032ce6rhqjt8jepy2xezvk75hd9c4nf,2,0.01765492,1,2026-07-30 01:10,2026-07-30 01:10,bc1qh0l7q0mca3ln7wsl9luwns0jc9jhgrtft025l4,,https://mempool.space/address/bc1qx9xl4zh032ce6rhqjt8jepy2xezvk75hd9c4nf
bc1qf656ltkx9h5mqh9ngw6hk8mf4uejk48et3hy09,2,0.01726423,1,2026-07-30 01:10,2026-07-30 01:10,bc1qh0l7q0mca3ln7wsl9luwns0jc9jhgrtft025l4,,https://mempool.space/address/bc1qf656ltkx9h5mqh9ngw6hk8mf4uejk48et3hy09
bc1q5qvpgk9lxm55h7d9en6jdj2ptlashnht5ft507,2,0.01723277,1,2026-07-30 01:10,2026-07-30 01:10,bc1qh0l7q0mca3ln7wsl9luwns0jc9jhgrtft025l4,,https://mempool.space/address/bc1q5qvpgk9lxm55h7d9en6jdj2ptlashnht5ft507
bc1q6vuxvwrzdkj7h34we3ecdpze9qedf9pz95y5m8,2,0.0171455,1,2026-07-30 01:10,2026-07-30 01:10,bc1qh0l7q0mca3ln7wsl9luwns0jc9jhgrtft025l4,,https://mempool.space/address/bc1q6vuxvwrzdkj7h34we3ecdpze9qedf9pz95y5m8
bc1q3ceh3dh3h9q0fn37f5r4herq9rpn0988lrak63,2,0.01688317,1,2026-07-30 01:10,2026-07-30 01:10,bc1qh0l7q0mca3ln7wsl9luwns0jc9jhgrtft025l4,,https://mempool.space/address/bc1q3ceh3dh3h9q0fn37f5r4herq9rpn0988lrak63
bc1qqznff3syuz6vldrfaylgdxvce2d8cnd4lrz05a,2,0.01679744,1,2026-07-30 01:10,2026-07-30 01:10,bc1qh0l7q0mca3ln7wsl9luwns0jc9jhgrtft025l4,,https://mempool.space/address/bc1qqznff3syuz6vldrfaylgdxvce2d8cnd4lrz05a
bc1ql4klhzz067aeduwt4t8sldmklkce3yt6m4ch7a,2,0.01664187,1,2026-07-30 01:10,2026-07-30 01:10,bc1qh0l7q0mca3ln7wsl9luwns0jc9jhgrtft025l4,,https://mempool.space/address/bc1ql4klhzz067aeduwt4t8sldmklkce3yt6m4ch7a
bc1ql26570nxggyfhau0rwq2vkv09ww7wppp83t53t,2,0.01662955,1,2026-07-30 01:10,2026-07-30 01:10,bc1qh0l7q0mca3ln7wsl9luwns0jc9jhgrtft025l4,,https://mempool.space/address/bc1ql26570nxggyfhau0rwq2vkv09ww7wppp83t53t
bc1qqsax49fpg5n0vpmtcsjddawxjq46cxuyv4esh7,2,0.01636592,1,2026-07-30 01:10,2026-07-30 01:10,bc1qh0l7q0mca3ln7wsl9luwns0jc9jhgrtft025l4,,https://mempool.space/address/bc1qqsax49fpg5n0vpmtcsjddawxjq46cxuyv4esh7
bc1qc7qrtar77cm48jl7s50peksxrc0zd2x2737x3m,2,0.01462611,1,2026-07-30 01:10,2026-07-30 01:10,bc1qh0l7q0mca3ln7wsl9luwns0jc9jhgrtft025l4,,https://mempool.space/address/bc1qc7qrtar77cm48jl7s50peksxrc0zd2x2737x3m
bc1qzr8yjn3r0wnj8g9gxf3r6h5fwdwtgx6680htdp,2,0.01434883,1,2026-07-30 01:10,2026-07-30 01:10,bc1qh0l7q0mca3ln7wsl9luwns0jc9jhgrtft025l4,,https://mempool.space/address/bc1qzr8yjn3r0wnj8g9gxf3r6h5fwdwtgx6680htdp
bc1q0sw20cdgsr3vamq8nzuqr62l64dl3n4v2m8dws,2,0.012011,1,2026-07-30 01:10,2026-07-30 01:10,bc1qh0l7q0mca3ln7wsl9luwns0jc9jhgrtft025l4,,https://mempool.space/address/bc1q0sw20cdgsr3vamq8nzuqr62l64dl3n4v2m8dws
bc1qlxwyxpr87q5jn0edtv2m9vgfynn0pge8g9t2gn,2,0.01199211,1,2026-07-30 01:10,2026-07-30 01:10,bc1qh0l7q0mca3ln7wsl9luwns0jc9jhgrtft025l4,,https://mempool.space/address/bc1qlxwyxpr87q5jn0edtv2m9vgfynn0pge8g9t2gn
bc1qlurpqpyt7d9e4hadcsl7l9mactak49napj2rgt,2,0.01188966,1,2026-07-30 01:10,2026-07-30 01:10,bc1qh0l7q0mca3ln7wsl9luwns0jc9jhgrtft025l4,,https://mempool.space/address/bc1qlurpqpyt7d9e4hadcsl7l9mactak49napj2rgt
bc1q5hw2y7jl8wnxex2hamrxwe7uncjz0red0ycuyg,2,0.01151786,1,2026-07-30 01:10,2026-07-30 01:10,bc1qh0l7q0mca3ln7wsl9luwns0jc9jhgrtft025l4,,https://mempool.space/address/bc1q5hw2y7jl8wnxex2hamrxwe7uncjz0red0ycuyg
bc1qm846saqk75xdavu3fk87rws7djcmjntfsx2a9c,2,0.01118836,1,2026-07-30 01:10,2026-07-30 01:10,bc1qh0l7q0mca3ln7wsl9luwns0jc9jhgrtft025l4,,https://mempool.space/address/bc1qm846saqk75xdavu3fk87rws7djcmjntfsx2a9c
bc1qcmwmy6ddv53gvm3k9gh8nu97a2wca9gnzr7u6d,2,0.01110621,1,2026-07-30 01:10,2026-07-30 01:10,bc1qh0l7q0mca3ln7wsl9luwns0jc9jhgrtft025l4,,https://mempool.space/address/bc1qcmwmy6ddv53gvm3k9gh8nu97a2wca9gnzr7u6d
bc1qa62wtmgxzqnd7734e756sg3g6zchz7369298k7,2,0.01094069,1,2026-07-30 01:10,2026-07-30 01:10,bc1qh0l7q0mca3ln7wsl9luwns0jc9jhgrtft025l4,,https://mempool.space/address/bc1qa62wtmgxzqnd7734e756sg3g6zchz7369298k7
bc1qhnytespmvs9tfkj8pg0t3amu863xn7tnjundxx,2,0.0106753,1,2026-07-30 01:10,2026-07-30 01:10,bc1qh0l7q0mca3ln7wsl9luwns0jc9jhgrtft025l4,,https://mempool.space/address/bc1qhnytespmvs9tfkj8pg0t3amu863xn7tnjundxx
bc1q8l62w9hdmhcpw3xhfahnwufz9zfv3e3saez7ll,2,0.01057286,1,2026-07-30 01:10,2026-07-30 01:10,bc1qh0l7q0mca3ln7wsl9luwns0jc9jhgrtft025l4,,https://mempool.space/address/bc1q8l62w9hdmhcpw3xhfahnwufz9zfv3e3saez7ll
bc1q5ng77kh3aww9r70ysx5myv4ly7fxzpjlzzhd7q,2,0.01052874,1,2026-07-30 01:10,2026-07-30 01:10,bc1qh0l7q0mca3ln7wsl9luwns0jc9jhgrtft025l4,,https://mempool.space/address/bc1q5ng77kh3aww9r70ysx5myv4ly7fxzpjlzzhd7q
bc1q8f0fhrrpnaygxqgt3e2zg7nycej26efd48lnmh,2,0.01032537,1,2026-07-30 01:10,2026-07-30 01:10,bc1qh0l7q0mca3ln7wsl9luwns0jc9jhgrtft025l4,,https://mempool.space/address/bc1q8f0fhrrpnaygxqgt3e2zg7nycej26efd48lnmh
bc1qx7snvx8535zar2ytty8cvqqgz0yrkagzscgu06,2,0.01020135,1,2026-07-30 01:10,2026-07-30 01:10,bc1qh0l7q0mca3ln7wsl9luwns0jc9jhgrtft025l4,,https://mempool.space/address/bc1qx7snvx8535zar2ytty8cvqqgz0yrkagzscgu06
bc1qm66xeua5fyld9sf95mduxqet9h452azd5cvjpv,2,0.00985149,1,2026-07-30 01:10,2026-07-30 01:10,bc1qh0l7q0mca3ln7wsl9luwns0jc9jhgrtft025l4,,https://mempool.space/address/bc1qm66xeua5fyld9sf95mduxqet9h452azd5cvjpv
bc1qurr6wl5xu6u03s3fke27k6dtnhqxljtqcrcvhz,2,0.00980438,1,2026-07-30 01:10,2026-07-30 01:10,bc1qh0l7q0mca3ln7wsl9luwns0jc9jhgrtft025l4,,https://mempool.space/address/bc1qurr6wl5xu6u03s3fke27k6dtnhqxljtqcrcvhz
bc1qqycp7e0aspcmwtglt2h9hg9hpum27pak90jex5,2,0.00977539,1,2026-07-30 01:10,2026-07-30 01:10,bc1qh0l7q0mca3ln7wsl9luwns0jc9jhgrtft025l4,,https://mempool.space/address/bc1qqycp7e0aspcmwtglt2h9hg9hpum27pak90jex5
bc1q5thwxzlyv37e8wnx68a4d07209llj4yfm0e8uw,2,0.00970658,1,2026-07-30 01:10,2026-07-30 01:10,bc1qh0l7q0mca3ln7wsl9luwns0jc9jhgrtft025l4,,https://mempool.space/address/bc1q5thwxzlyv37e8wnx68a4d07209llj4yfm0e8uw
bc1q5ar92fxzalt504rc828639zuu2gekrnkdxxkak,2,0.0096387,1,2026-07-30 01:10,2026-07-30 01:10,bc1qh0l7q0mca3ln7wsl9luwns0jc9jhgrtft025l4,,https://mempool.space/address/bc1q5ar92fxzalt504rc828639zuu2gekrnkdxxkak
bc1qcdafdsk039m4kynt68wtpnxmqwnzr69wtj0ret,2,0.00955701,1,2026-07-30 01:10,2026-07-30 01:10,bc1qh0l7q0mca3ln7wsl9luwns0jc9jhgrtft025l4,,https://mempool.space/address/bc1qcdafdsk039m4kynt68wtpnxmqwnzr69wtj0ret
bc1qruh524aukgcvt84srska2tqamrtaw7jxx973zp,2,0.00943938,1,2026-07-30 01:10,2026-07-30 01:10,bc1qh0l7q0mca3ln7wsl9luwns0jc9jhgrtft025l4,,https://mempool.space/address/bc1qruh524aukgcvt84srska2tqamrtaw7jxx973zp
bc1q6tt6tjrgelucg7w6rkwu5k5q845cw7ld0vssmr,2,0.00927849,1,2026-07-30 01:10,2026-07-30 01:10,bc1qh0l7q0mca3ln7wsl9luwns0jc9jhgrtft025l4,,https://mempool.space/address/bc1q6tt6tjrgelucg7w6rkwu5k5q845cw7ld0vssmr
bc1qhy2h6k69jm85nytdc0sltx7lzhtj0e9p4yzumh,2,0.00908358,1,2026-07-30 01:10,2026-07-30 01:10,bc1qh0l7q0mca3ln7wsl9luwns0jc9jhgrtft025l4,,https://mempool.space/address/bc1qhy2h6k69jm85nytdc0sltx7lzhtj0e9p4yzumh
bc1qwuc6rhagh0x0ztxgl7tt8uht23k0885ute2uwp,2,0.0088818,1,2026-07-30 01:10,2026-07-30 01:10,bc1qh0l7q0mca3ln7wsl9luwns0jc9jhgrtft025l4,,https://mempool.space/address/bc1qwuc6rhagh0x0ztxgl7tt8uht23k0885ute2uwp
bc1que544l6qj5zlz3dyxrnhxnatuzfmf4uy7xrzp5,2,0.00841236,1,2026-07-30 01:10,2026-07-30 01:10,bc1qh0l7q0mca3ln7wsl9luwns0jc9jhgrtft025l4,,https://mempool.space/address/bc1que544l6qj5zlz3dyxrnhxnatuzfmf4uy7xrzp5
bc1q659shectavgt66clah67p6qr4hw04769y95avz,2,0.00839511,1,2026-07-30 01:10,2026-07-30 01:10,bc1qh0l7q0mca3ln7wsl9luwns0jc9jhgrtft025l4,,https://mempool.space/address/bc1q659shectavgt66clah67p6qr4hw04769y95avz
bc1qxhu5vw6e8scs6t93qtst7jfqu6vak432c4v5qj,2,0.00834394,1,2026-07-30 01:10,2026-07-30 01:10,bc1qh0l7q0mca3ln7wsl9luwns0jc9jhgrtft025l4,,https://mempool.space/address/bc1qxhu5vw6e8scs6t93qtst7jfqu6vak432c4v5qj
bc1q64mfge4uzm28ltp3kxy29f4xn9xgl6nvwzdyck,2,0.00727005,1,2026-07-30 01:10,2026-07-30 01:10,bc1qh0l7q0mca3ln7wsl9luwns0jc9jhgrtft025l4,,https://mempool.space/address/bc1q64mfge4uzm28ltp3kxy29f4xn9xgl6nvwzdyck
bc1qp9jnj227w3xrap8wvahkvpxuxcpdehqvh5xg4x,2,0.00589387,1,2026-07-30 01:10,2026-07-30 01:10,bc1qh0l7q0mca3ln7wsl9luwns0jc9jhgrtft025l4,,https://mempool.space/address/bc1qp9jnj227w3xrap8wvahkvpxuxcpdehqvh5xg4x
bc1q3dxndjvk9a05e2yw6mz6294va9x7v9dpqlzgpc,2,0.00584802,1,2026-07-30 01:10,2026-07-30 01:10,bc1qh0l7q0mca3ln7wsl9luwns0jc9jhgrtft025l4,,https://mempool.space/address/bc1q3dxndjvk9a05e2yw6mz6294va9x7v9dpqlzgpc
bc1q0nsdrcfxjajd0gn8mutx9uuzm6c0v8mcemzyur,2,0.00519234,1,2026-07-30 01:10,2026-07-30 01:10,bc1qh0l7q0mca3ln7wsl9luwns0jc9jhgrtft025l4,,https://mempool.space/address/bc1q0nsdrcfxjajd0gn8mutx9uuzm6c0v8mcemzyur
bc1qttg9dg86jgahy226luxu2gumr9zcu45ca98l2w,2,0.005056,1,2026-07-30 01:10,2026-07-30 01:10,bc1qh0l7q0mca3ln7wsl9luwns0jc9jhgrtft025l4,,https://mempool.space/address/bc1qttg9dg86jgahy226luxu2gumr9zcu45ca98l2w
bc1qg6u7xf7c6vv3r3vjadq2emlem7ajw86372sth4,2,0.00495996,1,2026-07-30 01:10,2026-07-30 01:10,bc1qh0l7q0mca3ln7wsl9luwns0jc9jhgrtft025l4,,https://mempool.space/address/bc1qg6u7xf7c6vv3r3vjadq2emlem7ajw86372sth4
bc1qgc5argf4zc22rzfmxrnfg5whx7s2fcy8z0y6xk,2,0.004437,1,2026-07-30 01:10,2026-07-30 01:10,bc1qh0l7q0mca3ln7wsl9luwns0jc9jhgrtft025l4,,https://mempool.space/address/bc1qgc5argf4zc22rzfmxrnfg5whx7s2fcy8z0y6xk
bc1qlyyn6l2xtsa0nxz494s6ec4fm6gra4agg2f8ds,2,0.00435693,1,2026-07-30 01:10,2026-07-30 01:10,bc1qh0l7q0mca3ln7wsl9luwns0jc9jhgrtft025l4,,https://mempool.space/address/bc1qlyyn6l2xtsa0nxz494s6ec4fm6gra4agg2f8ds
bc1qlu4rclapu54ed7yxmzyxuhv6hu68hhl7l8a7lw,2,0.00357684,1,2026-07-30 01:10,2026-07-30 01:10,bc1qh0l7q0mca3ln7wsl9luwns0jc9jhgrtft025l4,,https://mempool.space/address/bc1qlu4rclapu54ed7yxmzyxuhv6hu68hhl7l8a7lw
bc1qx0776rpn3xnspanuldchu3zlh3nmqvtkuztwvn,2,0.00320367,1,2026-07-30 01:10,2026-07-30 01:10,bc1qh0l7q0mca3ln7wsl9luwns0jc9jhgrtft025l4,,https://mempool.space/address/bc1qx0776rpn3xnspanuldchu3zlh3nmqvtkuztwvn
bc1q5re8sup3pgncrm5hlk3tn9q758kfm6xlpcxmpa,2,0.00266838,1,2026-07-30 01:10,2026-07-30 01:10,bc1qh0l7q0mca3ln7wsl9luwns0jc9jhgrtft025l4,,https://mempool.space/address/bc1q5re8sup3pgncrm5hlk3tn9q758kfm6xlpcxmpa
bc1qwsdc6pp0uazs0wvkjsy807lhq09ce67vrfmegv,2,0.00229507,1,2026-07-30 01:10,2026-07-30 01:10,bc1qh0l7q0mca3ln7wsl9luwns0jc9jhgrtft025l4,,https://mempool.space/address/bc1qwsdc6pp0uazs0wvkjsy807lhq09ce67vrfmegv
bc1q0z8wxwhqh0aynu3a7szqpcukug047lz6au7en0,2,0.00225774,1,2026-07-30 01:10,2026-07-30 01:10,bc1qh0l7q0mca3ln7wsl9luwns0jc9jhgrtft025l4,,https://mempool.space/address/bc1q0z8wxwhqh0aynu3a7szqpcukug047lz6au7en0
bc1qd6hcp9cqkuultuvhn30tqyjxp332fveqmjpqxz,2,0.00221932,1,2026-07-30 01:10,2026-07-30 01:10,bc1qh0l7q0mca3ln7wsl9luwns0jc9jhgrtft025l4,,https://mempool.space/address/bc1qd6hcp9cqkuultuvhn30tqyjxp332fveqmjpqxz
bc1q9tzuuneyassa0mqr6rgndzra0h0u5mazadhvl6,2,0.00211586,1,2026-07-30 01:10,2026-07-30 01:10,bc1qh0l7q0mca3ln7wsl9luwns0jc9jhgrtft025l4,,https://mempool.space/address/bc1q9tzuuneyassa0mqr6rgndzra0h0u5mazadhvl6
bc1q5hpshapndppvugv0ume80v6xspzt4huvtl93wr,2,0.00200857,1,2026-07-30 01:10,2026-07-30 01:10,bc1qh0l7q0mca3ln7wsl9luwns0jc9jhgrtft025l4,,https://mempool.space/address/bc1q5hpshapndppvugv0ume80v6xspzt4huvtl93wr
bc1q670wmmkzjasnpfuc37uwqn9lcwhj5ug4v5yxsw,2,0.00171674,1,2026-07-30 01:10,2026-07-30 01:10,bc1qh0l7q0mca3ln7wsl9luwns0jc9jhgrtft025l4,,https://mempool.space/address/bc1q670wmmkzjasnpfuc37uwqn9lcwhj5ug4v5yxsw
bc1qkepgq533y0fdqz2cc94ph6w6lle4egunjg0th5,2,0.00170631,1,2026-07-30 01:10,2026-07-30 01:10,bc1qh0l7q0mca3ln7wsl9luwns0jc9jhgrtft025l4,,https://mempool.space/address/bc1qkepgq533y0fdqz2cc94ph6w6lle4egunjg0th5
bc1qpz88jxztp92qxzazn9wsx9kc6u0wtq7meqzczz,2,0.0013544,1,2026-07-30 01:10,2026-07-30 01:10,bc1qh0l7q0mca3ln7wsl9luwns0jc9jhgrtft025l4,,https://mempool.space/address/bc1qpz88jxztp92qxzazn9wsx9kc6u0wtq7meqzczz
bc1q6z43727u4zawe402xvwe3ezx8ygzddcmkzeccf,2,0.00129575,1,2026-07-30 01:10,2026-07-30 01:10,bc1qh0l7q0mca3ln7wsl9luwns0jc9jhgrtft025l4,,https://mempool.space/address/bc1q6z43727u4zawe402xvwe3ezx8ygzddcmkzeccf
bc1q59vxjza23lfaf88ju5xgphvf57fv4g7f3k5eh4,2,0.00126192,1,2026-07-30 01:10,2026-07-30 01:10,bc1qh0l7q0mca3ln7wsl9luwns0jc9jhgrtft025l4,,https://mempool.space/address/bc1q59vxjza23lfaf88ju5xgphvf57fv4g7f3k5eh4
bc1q9d3ltvj0aqat40lgju7nf7r7al8c4pwahkek8t,2,0.00099029,1,2026-07-30 01:10,2026-07-30 01:10,bc1qh0l7q0mca3ln7wsl9luwns0jc9jhgrtft025l4,,https://mempool.space/address/bc1q9d3ltvj0aqat40lgju7nf7r7al8c4pwahkek8t
bc1qnhpskl0675cdel7n994q7zdyfleqmp6h6hnjpu,2,0.000967,1,2026-07-30 01:10,2026-07-30 01:10,bc1qh0l7q0mca3ln7wsl9luwns0jc9jhgrtft025l4,,https://mempool.space/address/bc1qnhpskl0675cdel7n994q7zdyfleqmp6h6hnjpu
bc1qv2atslyysfp430yu6vwdthtmt45aw2l56d6c3s,2,0.00095668,1,2026-07-30 01:10,2026-07-30 01:10,bc1qh0l7q0mca3ln7wsl9luwns0jc9jhgrtft025l4,,https://mempool.space/address/bc1qv2atslyysfp430yu6vwdthtmt45aw2l56d6c3s
bc1qgtejj54q7pwmpm6x9q5vr9qhakpmdwwey4j4ws,2,0.00095412,1,2026-07-30 01:10,2026-07-30 01:10,bc1qh0l7q0mca3ln7wsl9luwns0jc9jhgrtft025l4,,https://mempool.space/address/bc1qgtejj54q7pwmpm6x9q5vr9qhakpmdwwey4j4ws
bc1quv254mv7n9pr563f2cwcm36xa4qr7ef2xr6q3l,2,0.00077565,1,2026-07-30 01:10,2026-07-30 01:10,bc1qh0l7q0mca3ln7wsl9luwns0jc9jhgrtft025l4,,https://mempool.space/address/bc1quv254mv7n9pr563f2cwcm36xa4qr7ef2xr6q3l
bc1qtexax0udejaq2d98k7fmjpmwfupf2r8sc4k5zj,2,0.00067976,1,2026-07-30 01:10,2026-07-30 01:10,bc1qh0l7q0mca3ln7wsl9luwns0jc9jhgrtft025l4,,https://mempool.space/address/bc1qtexax0udejaq2d98k7fmjpmwfupf2r8sc4k5zj
bc1qyxcefem4rxypvpmzy33sds6vha2v6gng72c44w,2,0.00061141,1,2026-07-30 01:10,2026-07-30 01:10,bc1qh0l7q0mca3ln7wsl9luwns0jc9jhgrtft025l4,,https://mempool.space/address/bc1qyxcefem4rxypvpmzy33sds6vha2v6gng72c44w
bc1qen3yah036stcr79tyayjcqnm07r704gx6d5300,2,0.00050979,1,2026-07-30 01:10,2026-07-30 01:10,bc1qh0l7q0mca3ln7wsl9luwns0jc9jhgrtft025l4,,https://mempool.space/address/bc1qen3yah036stcr79tyayjcqnm07r704gx6d5300
